Comunidad Autónoma,Provincia,REGISTRO,Municipio,Titulo,Tipo,Templo y dependencias complementarias,Titular,Título distinto de certificación eclesiástica
Baleares,Baleares,Alcudia,Iglesia,Iglesia,Iglesia,True,Parroquia de San Jaime de Alcudia,False
Baleares,Baleares,Alcudia,Edificio de planta baja destinado a templo catolico,Templo,Templo,True,Obispado de Mallorca,False
Baleares,Baleares,Ciutadella,Ciutadellla de Menorca,Casa,Solar,False,Obispado de Menorca,False
Baleares,Baleares,Ciutadella,Ciutadella de Menorca,,Casa,False,Obispado de Menorca,False
Baleares,Baleares,Ciutadella,Ciutadella de Menorca,Iglesia del Sant Crist,Iglesia,True,Obispado de Menorca,False
Baleares,Baleares,Ciutadella,Ciutadella de Menorca,Iglesia parroquial de Sant Francesc,Iglesia,True,Obispado de Menorca,False
Baleares,Baleares,Ciutadella,Ciutadella de Menorca,Iglesia del Socors,Iglesia,True,Obispado de Menorca,False
Baleares,Baleares,Ciutadella,Ciutadella de Menorca,Catedral de Menorca,Iglesia,True,Obispado de Menorca,False
Baleares,Baleares,Ciutadella,Ciutadella de Menorca,Iglesia del Sant Crist,Iglesia,True,Obispado de Menorca,False
Baleares,Baleares,Ciutadella,Ciutadella de Menorca,Iglesia parroquial de Sant Francesc,Iglesia,True,Obispado de Menorca,False
Baleares,Baleares,Ciutadella,Ciutadella de Menorca,Iglesia del Socors,Iglesia,True,Obispado de Menorca,False
Baleares,Baleares,Ciutadella,Ciutadella de Menorca,Catedral de Menorca,Iglesia,True,Obispado de Menorca,False
Baleares,Baleares,Ciutadella,Ferreries,Iglesia parroquial de Sant Bartomeu,Iglesia,True,Obispado de Menorca,False
Baleares,Baleares,Ciutadella,Ferreries,Rectoría,Rectoria,True,Obispado de Menorca,False
Baleares,Baleares,Eivissa nº 1,,Can Rabell,Casa,False,Obispado de Ibiza y Formentera,True
Baleares,Baleares,Eivissa nº 1,,Solar,Solar,False,Iglesia parroquial Salvador,True
Baleares,Baleares,Eivissa nº 1,,"Piso alto y desván, forman parte de la Iglesia de San Salvador",Piso alto y desván,False,Iglesia parroquial Salvador,True
Baleares,Baleares,Eivissa nº 1,,Palacio Episcopal,Palacio Episcopal,True,Santa Iglesia Católica Apostólica y Romana,False
Baleares,Baleares,Eivissa nº 1,,Destinado a recreo del Prelado diocesano,Jardín,False,Santa Iglesia Católica Apostólica y Romana,False
Baleares,Baleares,Eivissa nº 1,,Casa-Habitación del Reverendo Custor de la Iglesia de Santo Domingo,Casa-Habitación,False,Santa Iglesia Católica Apostólica y Romana,False
Baleares,Baleares,Eivissa nº 1,,Casa-Convento de las  Canonesas agustinas,Convento,True,Santa Iglesia Católica Apostólica y Romana,False
Baleares,Baleares,Eivissa nº 1,,Lugar de recreo de las religiosas Canonesas agustinas,Jardín,False,Santa Iglesia Católica Apostólica y Romana,False
Baleares,Baleares,Eivissa nº 1,,Complejo escolar SA Real: Edif. JUAN XXIII,Complejo escolar,False,Obispado de Ibiza y Formentera,True
Baleares,Baleares,Eivissa nº 1,,Iglesia del Hospitalet,Iglesia,True,Obispado de Ibiza y Formentera,False
Baleares,Baleares,Eivissa nº 1,,Parcela,Parcela,False,Obispado de Ibiza y Formentera,True
Baleares,Baleares,Eivissa nº 1,,Casa de la Iglesia/Cruz Roja,Local,False,Obispado de Ibiza y Formentera,True
Baleares,Baleares,Eivissa nº 1,,Catedral de Santa Maria de Ibiza,Catedral,True,Obispado de Ibiza y Formentera,False
Baleares,Baleares,Eivissa nº 1,,Templo de San Salvador de la Marína -Sant Elm,Templo,True,Obispado de Ibiza y Formentera,False
Baleares,Baleares,Eivissa nº 1,,Casa de la Iglesia/Cruz Roja,Edificio,False,Obispado de Ibiza y Formentera,True
Baleares,Baleares,Eivissa nº 1,,Convent de San Vicent Ferrer i Sant Jaume,Templo,True,Obispado de Ibiza y Formentera,False
Baleares,Baleares,Eivissa nº 1,,Covento de Sant Cristofol –Monastir de Canongesses Regulars de Sant Agusti,Templo,True,Obispado de Ibiza y Formentera,False
Baleares,Baleares,Eivissa nº 2,Eivissa,Templo de Sant Jordi,Templo,True,Obispado de Ibiza y Formentera,False
Baleares,Baleares,Eivissa nº 2,Eivissa,Templo de Sant Agustí,Templo,True,Obispado de Ibiza y Formentera,False
Baleares,Baleares,Eivissa nº 2,Eivissa,Templo de San José,Templo,True,Obispado de Ibiza y Formentera,False
Baleares,Baleares,Eivissa nº 2,Eivissa,Templo de San Francisco de Paula,Templo,True,Obispado de Ibiza y Formentera,False
Baleares,Baleares,Eivissa nº 3,,"Templo nombrado ""Sant Joan Baptista"" y dependencias parroquiales",Iglesia,True,Obispado de Ibiza y Formentera,False
Baleares,Baleares,Eivissa nº 3,,"Templo nombrado ""Sant Miquel""",Iglesia,True,Obispado de Ibiza y Formentera,False
Baleares,Baleares,Eivissa nº 3,,"Porción de tierra de secano y bosque conocida por ""Sa Clutada des Puig des Masons"", Venda de C'as Ripolls",Tierra de secano y bosque,False,Obispado de Ibiza y Formentera,True
Baleares,Baleares,Eivissa nº 3,,Solar con una edificación de 7 m2. destinada a almacén,Solar con almacén,False,Obispado de Ibiza y Formentera,False
Baleares,Baleares,Eivissa nº 3,,"Templo nombrado ""Santa Eularia""",Iglesia,True,Obispado de Ibiza y Formentera,False
Baleares,Baleares,Eivissa nº 3,,"Templo nombrado ""Santa Gertrudis"" y dependencias parroquiales",Iglesia,True,Obispado de Ibiza y Formentera,False
Baleares,Baleares,Eivissa nº 3,,"Templo nombrado ""Sant Carles""",Iglesia,True,Obispado de Ibiza y Formentera,False
Baleares,Baleares,Formentera,Formentera,Mare de Deu del Pilar,Templo,True,Obispado de Ibiza y Formentera,False
Baleares,Baleares,Formentera,Formentera,Cementerio del Pilar,Cementerio,True,Obispado de Ibiza y Formentera,False
Baleares,Baleares,Formentera,Formentera,Sant Ferran,Templo,True,Obispado de Ibiza y Formentera,False
Baleares,Baleares,Formentera,Formentera,San Francisco Javier,Templo,True,Obispado de Ibiza y Formentera,False
Baleares,Baleares,Sant Antoni,Sant Antoni,Sin nombre,Parcela de terreno,False,Obispado de Ibiza y Formentera,True
Baleares,Baleares,Sant Antoni,Sant Antoni,Santa Agnes,Templo,True,Obispado de Ibiza y Formentera,False
Baleares,Baleares,Sant Antoni,Sant Antoni,Sant Mateu,Templo,True,Obispado de Ibiza y Formentera,False
Baleares,Baleares,Sant Antoni,Sant Antoni,Sant Rafel,Templo,True,Obispado de Ibiza y Formentera,False
Baleares,Baleares,Sant Antoni,Sant Antoni,San Antonio Abad,Centro parroquial y templo,True,Obispado de Ibiza y Formentera,False
Baleares,Baleares,Sant Antoni,Sant Antoni,Sin nombre,Parcela de terreno,False,Obispado de Ibiza y Formentera,False
Baleares,Baleares,Felanitx,Felanitx,Oratorio de Sant Joan Baptista,Oratorio,True,Iglesia de Mallorca,False
Baleares,Baleares,Felanitx,Felanitx,Oratorio El Calvari,Oratorio,True,Iglesia de Mallorca,False
Baleares,Baleares,Felanitx,Felanitx,Oratorio Inmaculada Concepción,Oratorio,True,Iglesia de Mallorca,False
Baleares,Baleares,Felanitx,Felanitx,"Rectoria, rellano Iglesia y timba",Rectoria,True,Obispado de Mallorca,False
Baleares,Baleares,Felanitx,Felanitx,Iglesia y vicaria Son Mesquida,Iglesia,True,Obispado de Mallorca,False
Baleares,Baleares,Felanitx,Felanitx,Iglesia y Casa parroquial S' Horta,Iglesia,True,Obispado de Mallorca,False
Baleares,Baleares,Campos,Campos,Terreno en Sa Rápita,Terreno,False,Parroquia de San Julián de Campos del Puerto,False
Baleares,Baleares,Campos,Campos,Iglesia de San Julian,Iglesia,True,Obispado de Mallorca,False
Baleares,Baleares,Porreres,Porreres,Iglesia y Casa parroquial,Iglesia,True,Obispado de Mallorca,False
Baleares,Baleares,Porreres,Porreres,Oratorio Santo Cristo del Hospital,Oratorio,True,Obispado de Mallorca,False
Baleares,Baleares,Porreres,Porreres,Ermita de Santa Cruz,Ermita,True,Obispado de Mallorca,False
Baleares,Baleares,Felanitx Nº 02,Santanyi,Rectoría,Rectoría,True,Obispado de Mallorca,False
Baleares,Baleares,Felanitx Nº 02,Santanyi,Santuario,Santuario,True,Obispado de Mallorca,False
Baleares,Baleares,Felanitx Nº 02,Santanyi,Iglesia,Iglesia,True,Obispado de Mallorca,False
Baleares,Baleares,Felanitx Nº 02,Santanyi,Iglesia y Casa parroquial,Iglesia  y casa parroquial,True,Obispado de Mallorca,False
Baleares,Baleares,Inca Nº 01,"Parroquia en Plaza Jardi, 1",Complejo parroquial,Complejo parroquial,True,Parroquia de Santa Maria La Mayor,False
Baleares,Baleares,Inca Nº 01,"Iglesia en Plaza Santa Maria la Mayor, 1",Iglesia,Iglesia,True,Parroquia de Santa Maria La Mayor,False
Baleares,Baleares,Inca Nº 01,"Iglesia en Plaza Santo Domingo, 1",Iglesia,Iglesia,True,Parroquia de Santo Domingo de Inca,False
Baleares,Baleares,Inca Nº 01,"Antiguo Convento de las Hermanas Franciscanas de Lloret de Vista Alegre, en C/ Ses Monges, 2",Convento,Convento,True,Obispado de Mallorca,False
Baleares,Baleares,Inca Nº 01,"Templo parroquial con sacristia y edificaciones anejas, en la Plaza de L' Esglesia, 1",Templo parroquial,Templo parroquial,True,Obispado de Mallorca,False
Baleares,Baleares,Inca Nº 01,"Casa parroquial de la Plaza Jaume I, 14",Casa parroquial,Casa parroquial,True,Parroquia de Nuestra Señora de Loreto,False
Baleares,Baleares,Inca Nº 01,"Casa parroquial de la Plaza d ' Alt, 5",Casa parroquial,Casa parroquial,True,Parroquia de Nuestra Señora de la Salut,False
Baleares,Baleares,Inca Nº 01,"Iglesia de la Plaza d' Alt,  1",Iglesia,Iglesia,True,Parroquia de Nuestra Señora de la Salut,False
Baleares,Baleares,Inca Nº 01,Biniali,Iglesia,Iglesia,True,Parroquia de Sant Cristófol de Biniali,False
Baleares,Baleares,Inca Nº 01,"Iglesia Parroquial en la C/ Esglesia, s/n",Iglesia,Iglesia,True,Parroquia de Sant Pere de Sencelles,False
Baleares,Baleares,Inca Nº 01,Iglesia parroquial en la Plaza de L' Esglesia,,Iglesia,True,Parroquia de Santa Margalida,False
Baleares,Baleares,Inca Nº 01,"Casa parroquial, salas y local comercial, en Plaza de la Vila,  31","Casa parroquial, salas y local","Casa parroquial, salas y local",True,Parroquia de Santa Margalida,False
Baleares,Baleares,Inca Nº 01,Villa de Sineu,Convento de la Inmaculada Concepción de las Monjas Concepcionistas,Convento,True,Obispado de Mallorca (NUDA PROPIEDAD),True
Baleares,Baleares,Inca Nº 01,Villa de Sineu,Casa de las Mandaderas del Convento de la Inmaculada Concepción de las Monjas Concepcionistas,Casa,False,Obispado de Mallorca  - NUDA PROPIEDAD /,True
Baleares,Baleares,Inca Nº 01,"Plaza San Marc,  1-3",Casa y Torre,Casa y torre,False,Parroquia de Santa María de Sineu,False
Baleares,Baleares,Inca Nº 01,"Plaza Sa Placa,  4",Iglesia y Casa parroquial,Iglesia y casa parroquial,True,Parroquia de Santa María de Sineu,False
Baleares,Baleares,Alaro,Alaro,Terreno con caseta,Terreno,False,Obispado de Mallorca,False
Baleares,Baleares,Alaro,Alaro,Iglesia,Iglesia,True,Parroquia de Sant Bartomeu de Alaró,False
Baleares,Baleares,Alaro,Alaro,Rectoría,Rectoria,True,Parroquia de Sant Bartomeu de Alaró,False
Baleares,Baleares,Alaro,Binissalem,Iglesia,Iglesia,True,Parroquia de Santa Maria de Robines de Binissalem,False
Baleares,Baleares,Alaro,Buger,Iglesia,Iglesia,True,Parroquia de Sant Pere,False
Baleares,Baleares,Alaro,Consell,Iglesia,Iglesia,True,Parroquia de la Visitación de la Verge Maria de Consell,False
Baleares,Baleares,Alaro,Lloseta,Iglesia y Casa parroquial,Iglesia y casa parroquial,True,Parroquia de la Natividad de la Verge María de Lloseta,False
Baleares,Baleares,Mancor del Valle,Mancor del Valle,Iglesia,Iglesia,True,Parroquia de Sant Joan Baptista de Mancor del Valle,False
Baleares,Baleares,Mancor del Valle,Mancor del Valle,Casa parroquial,Casa parroquial,True,Parroquia de Sant Joan Baptista de Mancor del Valle,False
Baleares,Baleares,Mancor del Valle,Mancor del Valle,Plaza,Urbana,False,Parroquia de Sant Joan Baptista de Mancor del Valle,False
Baleares,Baleares,Selva,Selva,Iglesia,Iglesia,True,Parroquia de Inmaculada Concepción de Caimari,False
Baleares,Baleares,Selva,Selva,Iglesia,Iglesia,True,Parroquia de Inmaculada Concepción de Caimari,False
Baleares,Baleares,Selva,Selva,Solar,Solar,False,Parroquia de Santa Tecla de Biniamar,False
Baleares,Baleares,Selva,Selva,Complejo parroquial,Complejo parroquial,True,Parroquia de Sant Llorenç de Selva,False
Baleares,Baleares,Selva,Selva,Casa parroquial,Casa parroquial,True,Parroquia de Sant Llorenç de Selva,False
Baleares,Baleares,Selva,Selva,Iglesia,Iglesia,True,Parroquia de Santa Anna de Moscari,False
Baleares,Baleares,Alaior,Alaior,Iglesia Sant Pere,Iglesia,True,Obispado de Menorca,False
Baleares,Baleares,Alaior,Alaior,Iglesia Mare de Déu de Gracia,Iglesia,True,Obispado de Menorca,False
Baleares,Baleares,Alaior,Alaior,Iglesia rural de Sant Llorenç de Binixems,Iglesia,True,Obispado de Menorca,False
Baleares,Baleares,Alaior,Alaior,Iglesia de San Diego,Iglesia,True,Ayuntamiento de Alaior,True
Baleares,Baleares,Alaior,Alaior,Iglesia parroquial de Santa Eulalia de Alaior y Rectoría adjunta,Iglesia,True,Obispado de Menorca,True
Baleares,Baleares,Mahon,Mahon,Sacristía y vivienda,Sacristia y Vivienda,True,Obispado de Menorca,False
Baleares,Baleares,Mahon,Mahon,Casa convento e Iglesia de las Religiosas Concepcionistas Franciscanas de Mahón,Casa Convento e Iglesia,True,Religiosas Concepcionistas Franciscanas,False
Baleares,Baleares,Mahon,Mahon,Iglesia parroquial de Santa María,Iglesia,True,Obispado de Menorca,False
Baleares,Baleares,Mahon,Mahon,Rectoría de la Parroquia de Santa María de Mahón,Rectoría,True,Obispado de Menorca,False
Baleares,Baleares,Mahon,Mahon,Iglesia de San José con Casa del capellán,Iglesia y Casa del Capellán,True,Obispado de Menorca,False
Baleares,Baleares,Mahon,Mahon,Casa edificio junto a la Iglesia de la Concepción,Casa,False,Obispado de Menorca,False
Baleares,Baleares,Mahon,Mahon,Iglesia Parroquial Nuestra Señora del Carmen,Iglesia,True,Obispado de Menorca,False
Baleares,Baleares,Mahon,Mahon,Iglesia de Santa Eulalia,Iglesia,True,Obispado de Menorca,False
Baleares,Baleares,Mahon,Mahon,Ermita de la Mare de Déu de Gracia,Ermita,True,Obispado de Menorca,False
Baleares,Baleares,Mahon,Mahon,Iglesia parroquial de Sant Francesc d'Assís,Iglesia,True,Obispado de Menorca,False
Baleares,Baleares,Mahon,Mahon,Ermita de Sant Joan dels Vergers,Ermita,True,Obispado de Menorca,False
Baleares,Baleares,Mahon,Mahon,Iglesia de Sant Gaietá en el caserío de Llucmeçanes,Iglesia,True,Obispado de Menorca,False
Baleares,Baleares,Mahon,Mahon,Casa rectoral de la parroquia de Sant Climent,Casa Rectoral,True,Obispado de Menorca,False
Baleares,Baleares,Mahon,Mahon,Iglesia parroquial de Sant Climent,Iglesia,True,Obispado de Menorca,False
Baleares,Baleares,Mahon,Mahon,Iglesia de la Concepció,Iglesia,True,Obispado de Menorca,True
Baleares,Baleares,Es Mercadal,Es Mercadal,Iglesia parroquial de Sant Martí,Iglesia,True,Obispado de Menorca,False
Baleares,Baleares,Es Mercadal,Es Mercadal,Rectoría y vicaría de la parroquia de Sant Martí,Rectoría y Vicaría,True,Obispado de Menorca,False
Baleares,Baleares,Es Mercadal,Es Mercadal,Parroquia de Sant Antoni Abad (localidad Fornells),Parroquia,True,Obispado de Menorca,False
Baleares,Baleares,Es Mercadal,Es Mercadal,Casa destinada a actividades parroquiales (localidad Fornells),Casa de actividades parroquiales,True,Obispado de Menorca,False
Baleares,Baleares,Es Mercadal,Es Mercadal,Rectoría de la Parroquia de Fornells,Rectoría,True,Obispado de Menorca,False
Baleares,Baleares,Es Mercadal,Es Migjorn,Parroquia de Sant Cristófol (localidad Es Migjorn),Parroquia,True,Obispado de Menorca,False
Baleares,Baleares,Es Mercadal,Es Migjorn,Casa destinada a Rectoría (localidad Es Migjorn),Rectoría,True,Obispado de Menorca,False
Baleares,Baleares,Es Mercadal,Es Mercadal,Parcela Terreno paraje na Macaret en su interior se ubica ermita,Ermita,True,Obispado de Menorca,False
Baleares,Baleares,Sant Lluis,Sant Lluis,Casa destinada a actividades apostólicas,Casa Actividades apostólicas,True,Obispado de Menorca,False
Baleares,Baleares,Sant Lluis,Sant Lluis,Ermita de Sant Esteve (urbanización Alcaufar),Ermita,True,Obispado de Menorca,False
Baleares,Baleares,Sant Lluis,Sant Lluis,Parroquia de Sant Lluís y Casa rectoral anexa,Parroquia,True,Obispado de Menorca,False
Baleares,Baleares,Sant Lluis,Es Castell,Iglesia parroquial de la Mare de Déu del Roser,Iglesia,True,Obispado de Menorca,False
Baleares,Baleares,Manacor Nº 01,Manacor,Iglesia,Iglesia,True,Parroquia de Nuestra Señora dels Dolors de Manacor,False
Baleares,Baleares,Manacor Nº 01,Manacor,Iglesia,Iglesia,True,Parroquia de Sant Pau de Manacor,False
Baleares,Baleares,Manacor Nº 01,Manacor,Iglesia,Iglesia,True,Obispado de Mallorca,False
Baleares,Baleares,Manacor Nº 01,Sant Llorenc des Cardassar,Iglesia parroquial,Iglesia,True,Parroquia de Sant Llorenç,False
Baleares,Baleares,Manacor Nº 02,"Casa del Recinto Amurallado,33  de Sant Salvador",Casa,Casa,False,Parroquia de la Transfiguración del Senyor de Artá,False
Baleares,Baleares,Manacor Nº 02,Colonia de Sant Pere,Casa parroquial,Casa parroquial,True,Parroquia de Sant Pere de la Colonia,False
Baleares,Baleares,Manacor Nº 02,Colonia de Sant Pere.,Iglesia,Iglesia,True,Parroquia de Sant Pere de la Colonia,False
Baleares,Baleares,Manacor Nº 02,"Iglesia y casa rectoral sita en la C/ Costa den Torreta, 6 de Arta",Iglesia y Casa parroquial,Iglesia y casa parroquial,True,Parroquia de la Transfiguración del Senyor de Artá,False
Baleares,Baleares,Manacor Nº 02,Carretera San Salvador,"Iglesia, casa y explanada , que incluye la superficie comprendida dentro del recinto amurallado",Iglesia y casa,True,Parroquia de la Transfiguración del Senyor de Artá,False
Baleares,Baleares,Manacor Nº 02,Arta,Vivienda,Vivienda,False,Obispado de Mallorca,False
Baleares,Baleares,Manacor Nº 02,Capdepera,Iglesia y Casa parroquial,Iglesia y casa parroquial,True,Parroquia de Sant Bartomeu de Capdepera,False
Baleares,Baleares,Palma de Mallorca Nº 02,Palma de Mallorca,"Terreno en carretera de Esporles, 138",Terreno,False,Obispado de Mallorca,False
Baleares,Baleares,Palma de Mallorca Nº 02,Palma de Mallorca,"Solar en Plaza Vicari Josep Llinàs,1",Solar,False,Obispado de Mallorca,False
Baleares,Baleares,Palma de Mallorca nº 3,Palma de Mallorca,Palacio Episcopal,Palacio episcopal,True,Iglesia Católica,False
Baleares,Baleares,Palma de Mallorca nº 3,Palma de Mallorca,Iglesia de Santa Fe,Iglesia,True,Iglesia Católica,False
Baleares,Baleares,Palma de Mallorca nº 3,Palma de Mallorca,Iglesia de San Miguel,Iglesia y antigua casa rectoral,True,Parroquia de San Miguel de Palma,False
Baleares,Baleares,Palma de Mallorca nº 3,Palma de Mallorca,Vivienda,Vivienda,False,Obispado de Mallorca,False
Baleares,Baleares,Palma de Mallorca nº 3,Palma de Mallorca,Vivienda,Vivienda,False,Obispado de Mallorca,False
Baleares,Baleares,Palma de Mallorca nº 3,Palma de Mallorca,Monjas Jerónimas,Iglesia y Convento,True,Obispado de Mallorca,False
Baleares,Baleares,Palma de Mallorca nº 3,Palma de Mallorca,San Nicolás,Iglesia y antigua casa rectoral,True,Parroquia de San Nicolás de Palma,False
Baleares,Baleares,Palma de Mallorca nº 3,Palma de Mallorca,Santa Eulalia,Iglesia y casa rectoral,True,Parroquia de Santa Eulalia de Palma,False
Baleares,Baleares,Palma de Mallorca nº 3,Palma de Mallorca,La Seu/Catedral,Iglesia catedral,True,Obispado de Mallorca,False
Baleares,Baleares,Palma de Mallorca Nº 04,Llucmajor,Colindante al templo. Colindante del arenal.,Solar,False,Iglesia Católica Mitra Diocesana de Mallorca,True
Baleares,Baleares,Palma de Mallorca Nº 04,Llucmajor,Urbana. Son Reynes en S'estanyol (Posible ubicación de la parroquia de S'estanyol),Solar,False,Iglesia Católica Mitra Diocesana de Mallorca,True
Baleares,Baleares,Palma de Mallorca Nº 04,Llucmajor,Urbana. Bahia Azul. Calificado como de dotación religiosa.,Solar,False,Iglesia Católica Mitra Diocesana de Mallorca,True
Baleares,Baleares,Palma de Mallorca Nº 04,Llucmajor,Urbana. Vallgornera Nou.,Solar,False,Iglesia Católica Mitra Diocesana de Mallorca,True
Baleares,Baleares,Palma de Mallorca Nº 04,Llucmajor,Parroquia de el arenal. Calle San Cristobal,Oratorio,True,Iglesia Católica Mitra Diocesana de Mallorca,True
Baleares,Baleares,Palma de Mallorca Nº 04,Llucmajor,Nuestra señora de Gracia adosada al santuario,Hospederia,False,Iglesia parroquial de Llucmajor,True
Baleares,Baleares,Palma de Mallorca Nº 04,Llucmajor,Adjunta a la Iglesia de la ciudad de Llucmajor,Casa de la Rectoría y Huerto,True,Iglesia parroquial de Llucmajor,True
Baleares,Baleares,Palma de Mallorca Nº 04,Llucmajor,Angular Plaza Santa Catalina Thomas y calle Borne,Solar,False,Iglesia parroquial de Llucmajor,True
Baleares,Baleares,Palma de Mallorca Nº 04,Llucmajor,Anexa al oratorio de nuestra señora de Gracia,Hospederia anexa a la Parroquia,False,Iglesia parroquial de Llucmajor,True
Baleares,Baleares,Palma de Mallorca Nº 04,Llucmajor,Nuestra señora de Gracia.,Hospederia de Oratorio,False,Iglesia parroquial de Llucmajor,True
Baleares,Baleares,Palma de Mallorca Nº 04,Llucmajor,"Parcela 39, Poligono 13, paraje Santuario de Gracia",Solar,False,Parroquia de Sant Miquel de Llucmajor,True
Baleares,Baleares,Algaida,Algaida,"Iglesia y Casa parroquial, en c/ Església, 1",Iglesia y casa parroquial,True,Obispado de Mallorca,False
Baleares,Baleares,Algaida,Algaida,"Santuario de Cura, en polígono 25, parcela 141",Santuario,True,Obispado de Mallorca,False
Baleares,Baleares,Algaida,Algaida,"Iglesia parroquial, c/ Església, 2",Iglesia,True,Parroquia de Sant Pere i Sant Pau de Algaida,False
Baleares,Baleares,Algaida,Algaida,"Iglesia parroquial y Casa parroquial, c/ Església-Randa, 28",Iglesia y casa parroquial,True,Parroquia de la Inmaculada i Beat Ramón Llull de Randa,False
Baleares,Baleares,Algaida,Marratxi,"Complejo parroquial: Iglesia, Rectoría, Plaza, patio y bar, en c/ Sant Llàtzer, 3",Complejo parroquial,True,Parroquia de la Inmaculada i Beat Ramón Llull de Randa,False
Baleares,Baleares,Santa Eugenia,Santa Eugenia,"Centro parroquial c/ Sol, 1",Centro Parroquial,True,Iglesia Católica,False
Baleares,Baleares,Santa Eugenia,Santa Eugenia,"Iglesia parroquial, c/ Sol, 1",Iglesia,True,Iglesia Católica,False
Baleares,Baleares,Santa Eugenia,Santa Eugenia,"Casa parroquial y garaje, c/ Església, 8",Casa parroquial y garaje,True,Iglesia Católica,False
Baleares,Baleares,Santa Maria,Santa Maria,"Iglesia y Casa parroquial, Plaza Caiguts, 11",Iglesia y casa parroquial,True,Obispado de Mallorca,False
Baleares,Baleares,Santa Maria,Santa Maria,"Casa en Plaza Hostals, 14",Casa,False,Obispado de Mallorca,False
Baleares,Baleares,Palma de Mallorca Nº 06,Salas Parroquiales de Genova,Parroquia,Parroquia,True,Obispado de Mallorca,False
Baleares,Baleares,Palma de Mallorca Nº 06,C/Santuari 5A La Bonanova,Solar,Solar,False,Obispado de Mallorca,False
Baleares,Baleares,Palma de Mallorca Nº 06,Oratorio de Porto Pi,Iglesia,Iglesia,True,Obispado de Mallorca,False
Baleares,Baleares,Palma de Mallorca Nº 06,de Genova,Cementerio,Cementerio,True,Obispado de Mallorca,False
Baleares,Baleares,Palma de Mallorca Nº 08,Banyalbufar,Iglesia,Iglesia,True,Parroquia de la Natividad de María,True
Baleares,Baleares,Palma de Mallorca Nº 08,Bunyola,Iglesia parroquial,Iglesia parroquial,True,Parroquia de Sant Mateu Bunyola,True
Baleares,Baleares,Palma de Mallorca Nº 08,Bunyola,Parroquia,Parroquia,True,"Parroquia de Santa María de Mare de L´ Esglesia, Palmanyola",True
Baleares,Baleares,Esporles,Esporles,Local,Local,False,Parroquia de Sant Pere Esporles,True
Baleares,Baleares,Esporles,Esporles,Huerto,Huerto,False,Parroquia de Sant Pere Esporles,True
Baleares,Baleares,Esporles,Esporles,Huerto,Huerto,False,Parroquia de Sant Pere Esporles,True
Baleares,Baleares,Esporles,Esporles,Local,Local,False,Parroquia de Sant Pere Esporles,True
Baleares,Baleares,Esporles,Esporles,Local,Local,False,Parroquia de Sant Pere Esporles,True
Baleares,Baleares,Esporles,Esporles,Iglesia,Iglesia,True,Parroquia de Inmaculada Concepción S´ Esgleieta,True
Baleares,Baleares,Esporles,Fornalutx,Iglesia,Iglesia,True,Parroquia de Nativitat de la Verge María,True
Baleares,Baleares,Esporles,Palma Seccion II,Edificio,Edificio,False,Iglesia Católica,True
Baleares,Baleares,Esporles,Palma Seccion II,Iglesia,Iglesia,True,Parroquia de Sant Jaume,True
Baleares,Baleares,Esporles,Palma Seccion II,Iglesia,Iglesia,True,Parroquia de Santa Cruz,True
Baleares,Baleares,Esporles,Palma Seccion II,Iglesia,Iglesia,True,Obispado de Mallorca,True
Baleares,Baleares,Soller,Soller,Iglesia,Iglesia,True,Parroquia de Sant Bartomeu Sóller,True
Baleares,Baleares,Soller,Soller,Iglesia,Iglesia,True,Parroquia de Sant Bartomeu Sóller,True
Baleares,Baleares,Soller,Soller,Iglesia,Iglesia,True,Parroquia de Sant Bartomeu Sóller,True
Baleares,Baleares,Soller,Soller,Iglesia,Iglesia,True,"Parroquia Sant Ramón de Penyafort, Pto Sóller",True
Baleares,Baleares,Valldemossa,Valldemossa,Iglesia,Iglesia,True,Obispado de Mallorca,True
Baleares,Baleares,Valldemossa,Valldemossa,Capilla,Capilla,True,Parroquia de Sant Bartomeu Valldemossa,True
Baleares,Baleares,Valldemossa,Valldemossa,Casa parroquial,Casa parroquial,True,Parroquia de Sant Bartomeu Valldemossa,True
Baleares,Baleares,Valldemossa,Valldemossa,Iglesia parroquial,Iglesia parroquial,True,Parroquia de Sant Bartomeu Valldemossa,True
Baleares,Baleares,Palma de Mallorca Nº 09,Palma de Mallorca,"Solar sin edificar en C/ Regalo, 52",Solar,False,Parroquia del Corpus Christi,True
Baleares,Baleares,Palma de Mallorca Nº 09,Palma de Mallorca,Iglesia del Caserío do SA Casa BLANCA,Iglesia,True,Iglesia Católica,True
Baleares,Baleares,Palma de Mallorca Nº 10,Andratx,Templo parroquial,Templo parroquial,True,Obispado de Mallorca,False
Baleares,Baleares,Palma de Mallorca Nº 10,Andratx,Ermita,Ermita,True,Parroquia de Santa María de Andratx,True
Baleares,Baleares,Petra,Ariany,Iglesia y Casa rectoral,Iglesia y casa rectoral,True,Parroquia de Nuestra Senyora de Atotxa,False
Baleares,Baleares,Petra,Montuiri,Sala parroquial,Sala parroquial,True,Parroquia de San Bartomeu de Montuiri,False
Baleares,Baleares,Petra,Montuiri,,Casa parroquial,True,Parroquia de San Bartomeu de Montuiri,False
Baleares,Baleares,Petra,Montuiri,Iglesia,Iglesia,True,Parroquia de San Bartomeu de Montuiri,False
Baleares,Baleares,Petra,Petra,Iglesia,Iglesia,True,Parroquia de Sant Pere de Petra,False
Baleares,Baleares,Petra,Petra,Rústica,Rústica,False,Parroquia de Sant Pere de Petra,False
Baleares,Baleares,Petra,Sant Joan,Iglesia,Iglesia,True,Parroquia de Sant Joan Baptista de Sant Joan,False
Baleares,Baleares,Petra,Villafranca de Bonany,Iglesia,Iglesia,True,Parroquia de Santa Bárbara de Villafranca de Bonany,False
Baleares,Baleares,Petra,Villafranca de Bonany,Casa rectoral,Casa rectoral,True,Parroquia de Santa Bárbara de Villafranca de Bonany,False
Baleares,Baleares,Pollenca,Pollenca,Iglesia del Roser Vell,Iglesia,True,Parroquia de la Mare de Déu dels Angels de Pollensa,False
Baleares,Baleares,Pollenca,Pollenca,Iglesia de Santo Domingo,Iglesia,True,Parroquia de la Mare de Déu dels Angels de Pollensa,False
Baleares,Baleares,Pollenca,Cancelada la inscripcion,,Iglesia,True,Parroquia de la Mare de Déu dels Angels de Pollensa,False
Baleares,Baleares,Pollenca,Pollenca,Iglesia parroquial,Iglesia,True,Parroquia de la Mare de Déu dels Angels de Pollensa,False
Baleares,Baleares,Pollenca,Pollenca,Iglesia del Calvari,Iglesia,True,Parroquia de la Mare de Déu dels Angels de Pollensa,False
Baleares,Baleares,Pollenca,Cancelada la inscripcion,,Iglesia,True,Parroquia de la Mare de Déu dels Angels de Pollensa,False
