Comunidad Autónoma,Provincia,REGISTRO,Municipio,Titulo,Tipo,Templo y dependencias complementarias,Titular,Título distinto de certificación eclesiástica
Canarias-Las Palmas,Canarias-Las Palmas,Arrecife y Merc.,Tinajo,Ermita y Plaza de Nuestra Señora del Pilar,Ermita y plaza,True,Diócesis de Canarias,True
Canarias-Las Palmas,Canarias-Las Palmas,Arrecife y Merc.,Tinajo,Ermita de Nuestra Señora de los Dolores y Plaza del mismo nombre,Ermita y plaza,True,Diócesis de Canarias,True
Canarias-Las Palmas,Canarias-Las Palmas,Arrecife y Merc.,Tinajo,Iglesia y Plaza de San Roque,Iglesia y plaza,True,Diócesis de Canarias,True
Canarias-Las Palmas,Canarias-Las Palmas,Arrecife y Merc.,Arrecife,Iglesia Parroquial de San Ginés,Iglesia parroquial,True,Diócesis de Canarias,True
Canarias-Las Palmas,Canarias-Las Palmas,Corralejo,La Oliva,Iglesia de La Candelaria,Iglesia,True,Diócesis de Canarias,False
Canarias-Las Palmas,Canarias-Las Palmas,Corralejo,La Oliva,Ermita de San Antonio,Ermita,True,Diócesis de Canarias,False
Canarias-Las Palmas,Canarias-Las Palmas,Corralejo,La Oliva,Ermita de San Vicente Ferrer,Ermita,True,Diócesis de Canarias,False
Canarias-Las Palmas,Canarias-Las Palmas,Corralejo,La Oliva,Ermita de San Juan Bautista,Ermita,True,Diócesis de Canarias,False
Canarias-Las Palmas,Canarias-Las Palmas,Corralejo,La Oliva,Ermita de Nuestra Señora de la Caridad,Ermita,True,Diócesis de Canarias,False
Canarias-Las Palmas,Canarias-Las Palmas,Corralejo,La Oliva,,Parcela,False,Diócesis de Canarias,False
Canarias-Las Palmas,Canarias-Las Palmas,Mogan,Mogan,Iglesia parroquial de San Antonio de Mogán,Iglesia,True,Diócesis de Canarias,False
Canarias-Las Palmas,Canarias-Las Palmas,Pajara,Pajara,"Ermita de Nuestra Señora de Fátima en Tarajal de Sancho, s/n",Ermita,True,Iglesia Católica,False
Canarias-Las Palmas,Canarias-Las Palmas,Pajara,Pajara,Ermita de San Antonio ubicada en el Pago de Toto,Ermita,True,Iglesia Católica,False
Canarias-Las Palmas,Canarias-Las Palmas,Pajara,Pajara,Cementerio ubicado en Morro del Calvario,Cementerio,True,Iglesia Católica,False
Canarias-Las Palmas,Canarias-Las Palmas,Pajara,Pajara,Parcela en La Lajita,,False,Diócesis de Canarias,False
Canarias-Las Palmas,Canarias-Las Palmas,Pajara,Tuineje,"ubicada en C/ San Marcos, 1, en el pago de Tiscamanita",,False,Iglesia Católica,False
Canarias-Las Palmas,Canarias-Las Palmas,Pajara,Tuineje,"ubicada en la Plaza de San Miguel, 2",,False,Iglesia Católica,False
Canarias-Las Palmas,Canarias-Las Palmas,Pajara,Tuineje,Ermita de San José en el pago de Tesejerague,Ermita,True,Iglesia Católica,False
Canarias-Las Palmas,Canarias-Las Palmas,Pajara,Tuineje,Pastos ubicados en el Paraje de Las Playitas,Pastos,False,Iglesia Católica,False
Canarias-Las Palmas,Canarias-Las Palmas,Las Palmas de Gran Canaria Nº 01,Santa Brigida,Sin denominación especial,Ermita,True,Diócesis de Canarias,True
Canarias-Las Palmas,Canarias-Las Palmas,Las Palmas,Las Palmas de GC,Sin denominación especial,Casa,False,Diócesis de Canarias,True
Canarias-Las Palmas,Canarias-Las Palmas,Las Palmas,Las Palmas de GC,Sin denominación especial,Casa,False,Diócesis de Canarias,True
Canarias-Las Palmas,Canarias-Las Palmas,Las Palmas,Las Palmas de GC,Catedral de Santa Ana,Catedral,True,Diócesis de Canarias,True
Canarias-Las Palmas,Canarias-Las Palmas,Las Palmas,Las Palmas de GC,Palacio Episcopal,Palacio Episcopal,True,Diócesis de Canarias,True
Canarias-Las Palmas,Canarias-Las Palmas,Las Palmas,Las Palmas de GC,San Francisco,Iglesia,True,Diócesis de Canarias,True
Canarias-Las Palmas,Canarias-Las Palmas,Las Palmas,Las Palmas de GC,San José,Iglesia,True,Diócesis de Canarias,True
Canarias-Las Palmas,Canarias-Las Palmas,Las Palmas,Las Palmas de GC,Santo Domingo,Iglesia,True,Diócesis de Canarias,True
Canarias-Las Palmas,Canarias-Las Palmas,Las Palmas,Las Palmas de GC,San Telmo,Iglesia,True,Diócesis de Canarias,True
Canarias-Las Palmas,Canarias-Las Palmas,Las Palmas,Las Palmas de GC,San Antonio Abad,Ermita,True,Diócesis de Canarias,True
Canarias-Las Palmas,Canarias-Las Palmas,Las Palmas,Las Palmas de GC,San Roque,Iglesia,True,Diócesis de Canarias,True
Canarias-Las Palmas,Canarias-Las Palmas,Las Palmas,Las Palmas de GC,San Juan,Iglesia,True,Diócesis de Canarias,True
Canarias-Las Palmas,Canarias-Las Palmas,Las Palmas,Las Palmas de GC,Espiritu Santo,Ermita,True,Diócesis de Canarias,True
Canarias-Las Palmas,Canarias-Las Palmas,Las Palmas,Las Palmas de GC,San Ignacio-Jesuitas,Iglesia,True,Diócesis de Canarias,True
Canarias-Las Palmas,Canarias-Las Palmas,Las Palmas,Las Palmas de GC,"Anulada por doble inmatriculación, Finca nº 49093, VENDIDA",Casa,False,Diócesis de Canarias,True
Canarias-Las Palmas,Canarias-Las Palmas,Las Palmas,Las Palmas de GC,Centro Loyola,Casa,False,Obispado de Canarias,True
Canarias-Las Palmas,Canarias-Las Palmas,Las Palmas,Las Palmas de GC,Casa de los Canónigos. VENDIDA,Casa,False,Diócesis de Canarias,True
Canarias-Las Palmas,Canarias-Las Palmas,Las Palmas,Las Palmas de GC,San Agustín,Iglesia,True,Diócesis de Canarias,True
Canarias-Las Palmas,Canarias-Las Palmas,Las Palmas,Las Palmas de GC,San Nicolás de Bari,Ermita,True,Diócesis de Canarias,True
Canarias-Las Palmas,Canarias-Las Palmas,Las Palmas,Las Palmas de GC,Nuestra Señora de las Nieves,Ermita,True,Diócesis de Canarias,True
Canarias-Las Palmas,Canarias-Las Palmas,Las Palmas de Gran Canaria Nº 02,Las Palmas de GC,Sin denominación especial,Urbana,False,Diócesis de Canarias,False
Canarias-Las Palmas,Canarias-Las Palmas,Las Palmas de Gran Canaria Nº 02,Las Palmas de GC,Sin denominación especial,Urbana,False,Diócesis de Canarias,False
Canarias-Las Palmas,Canarias-Las Palmas,Las Palmas de Gran Canaria Nº 02,Las Palmas de GC,Sin denominación especial,Terreno,False,Diócesis de Canarias,False
Canarias-Las Palmas,Canarias-Las Palmas,Las Palmas de GC,Las Palmas de GC,(No consta especial denominación) Destinada a cementerio,Cementerio,True,Diócesis de Canarias,False
Canarias-Las Palmas,Canarias-Las Palmas,Las Palmas de GC,Las Palmas de GC,"(No consta especial denominación) Destinada a Iglesia, Dependencias Parroquiales y Plaza",Iglesia,True,Diócesis de Canarias,False
Canarias-Las Palmas,Canarias-Las Palmas,Las Palmas de GC,Las Palmas de GC,"(No consta especial denominación) Destinada a Iglesia, Dependencias Parroquiales y Plaza",Iglesia,True,Diócesis de Canarias,False
Canarias-Las Palmas,Canarias-Las Palmas,Las Palmas de GC,Las Palmas de GC,(No consta especial denominación) Destinada a Iglesia y Dependencias Parroquiales,Iglesia,True,Diócesis de Canarias,False
Canarias-Las Palmas,Canarias-Las Palmas,Las Palmas de GC,Las Palmas de GC,(No consta especial denominación) Destinada a Dependencias y salones Parroquiales,Urbana,False,Diócesis de Canarias,False
Canarias-Las Palmas,Canarias-Las Palmas,Las Palmas de GC,Las Palmas de GC,(No consta especial denominación) Destinada a casa Parroquial,Casa parroquial,True,Diócesis de Canarias,False
Canarias-Las Palmas,Canarias-Las Palmas,Teror,Teror,Ermita de la Peña,Terreno edificado,False,Diócesis de Canarias,True
Canarias-Las Palmas,Canarias-Las Palmas,Teror,Teror,Iglesia y Plaza de Nuestra Señora de las Nieves y Salones Parroquiales de Nuestra Señora de las Nieves de Teror,Iglesia,True,Diócesis de Canarias,True
Canarias-Las Palmas,Canarias-Las Palmas,Teror,Teror,Basílica de Nuestra Señora del Pino,Basílica,True,Diócesis de Canarias,False
Canarias-Las Palmas,Canarias-Las Palmas,Teror,Teror,Palacio Episcopal,Palacio Episcopal,True,Diócesis de Canarias,False
Canarias-Las Palmas,Canarias-Las Palmas,Teror,Teror,Casa Parroquial del Sagrado Corazón de Jesús,Casa parroquial,True,Diócesis de Canarias,False
Canarias-Las Palmas,Canarias-Las Palmas,Teror,Teror,Casa Parroquial de Teror,Casa parroquial,True,Diócesis de Canarias,False
Canarias-Las Palmas,Canarias-Las Palmas,Teror,Teror,Huerto parroquial.,Huerto,False,Diócesis de Canarias,False
Canarias-Las Palmas,Canarias-Las Palmas,Teror,Teror,No tiene nombre conocido el inmueble,Urbana,False,Diócesis de Canarias,False
Canarias-Las Palmas,Canarias-Las Palmas,Teror,Teror,Ermita de Nuestra Señora del Carmen y Plaza con el nombre de Dña Francisca Medina,Ermita,True,Diócesis de Canarias,False
Canarias-Las Palmas,Canarias-Las Palmas,Teror,Teror,Cementerio Parroquial,Cementerio,True,Diócesis de Canarias,False
Canarias-Las Palmas,Canarias-Las Palmas,Arucas,Arucas,Iglesia en Plaza de San Andres,Vivienda,False,Diócesis de Canarias,False
Canarias-Las Palmas,Canarias-Las Palmas,Arucas,Arucas,Solar en Plaza de San Andrés,Terreno,False,Iglesia Católica,False
Canarias-Las Palmas,Canarias-Las Palmas,Arucas,Arucas,Casa parroquial en la Plaza de San Andrés,Casa Parroquial,True,Iglesia Católica,False
Canarias-Las Palmas,Canarias-Las Palmas,Arucas,Arucas,Salones Parroquiales de San Andrés,Salon parroquial,True,Iglesia Católica,False
Canarias-Las Palmas,Canarias-Las Palmas,Arucas,Arucas,Catedral de Arucas,Catedral,True,Iglesia Católica,False
Canarias-Las Palmas,Canarias-Las Palmas,Arucas,Arucas,Ermita de Nuestra Señora del Rosario,Ermita,True,Iglesia Católica,False
Canarias-Las Palmas,Canarias-Las Palmas,Arucas,Arucas,Ermita del Santo Cristo de la Salud,Ermita,True,Iglesia Católica,False
Canarias-Las Palmas,Canarias-Las Palmas,Arucas,Arucas,Casa del Coadjutor. Destino uso residencial y pastoral,Casa,False,Diócesis de Canarias,False
Canarias-Las Palmas,Canarias-Las Palmas,Arucas,Arucas,Iglesia de San José de la Montaña,Iglesia,True,Diócesis de Canarias,False
Canarias-Las Palmas,Canarias-Las Palmas,Arucas,Arucas,Iglesia de San Pedro,Iglesia,True,Diócesis de Canarias,False
Canarias-Las Palmas,Canarias-Las Palmas,Arucas,Arucas,Casa parroquial de Bañaderos,Casa Parroquial,True,Diócesis de Canarias,False
Canarias-Las Palmas,Canarias-Las Palmas,Arucas,Arucas,Iglesia parroquial de San Isidro y Plaza de San Isidro,Iglesia,True,Diócesis de Canarias,False
Canarias-Las Palmas,Canarias-Las Palmas,Arucas,Arucas,Casa parroquial y Salones parroquiales,Casa Parroquial,True,Diócesis de Canarias,False
Canarias-Las Palmas,Canarias-Las Palmas,Arucas,Firgas,Iglesia parroquial de San Roque,Iglesia,True,Diócesis de Canarias,False
Canarias-Las Palmas,Canarias-Las Palmas,Arucas,Firgas,Casa parroquial de San Roque,Casa Parroquial,True,Diócesis de Canarias,False
Canarias-Las Palmas,Canarias-Las Palmas,Arucas,Firgas,Casa parroquial de Casablanca,Casa Parroquial,True,Diócesis de Canarias,False
Canarias-Las Palmas,Canarias-Las Palmas,Arucas,Firgas,Ermita de Nuestra Señora del Pilar,Ermita,True,Diócesis de Canarias,False
Canarias-Las Palmas,Canarias-Las Palmas,Arucas,Las Palmas,Templo parroquial de San Pedro Apostol,Urbana,False,Diócesis de Canarias,False
Canarias-Las Palmas,Canarias-Las Palmas,Arucas,Las Palmas,Iglesia y dependencias parroquiales - La Luz,Iglesia,True,Diócesis de Canarias,False
Canarias-Las Palmas,Canarias-Las Palmas,Arucas,Las Palmas,Casa de Planta Baja con azotea,Casa,False,Diócesis de Canarias,True
Canarias-Las Palmas,Canarias-Las Palmas,Arucas,Valleseco,Ermita de San Luis Gonzaga,Ermita,True,Diócesis de Canarias,False
Canarias-Las Palmas,Canarias-Las Palmas,Arucas,Valleseco,Casa parroquial de Valleseco,Casa Parroquial,True,Diócesis de Canarias,False
Canarias-Las Palmas,Canarias-Las Palmas,Arucas,Valleseco,Iglesia de San Vicente Ferrer,Iglesia,True,Diócesis de Canarias,False
Canarias-Las Palmas,Canarias-Las Palmas,Arucas,Vega de San Mateo,Ermita de San Francisco de Asis,Ermita,True,Diócesis de Canarias,False
Canarias-Las Palmas,Canarias-Las Palmas,Arucas,Vega de San Mateo,Ermita de San Antonio,Ermita,True,Diócesis de Canarias,False
Canarias-Las Palmas,Canarias-Las Palmas,Arucas,Vega de San Mateo,Iglesia de San Mónica,Iglesia,True,Diócesis de Canarias,False
Canarias-Las Palmas,Canarias-Las Palmas,Arucas,Vega de San Mateo,Iglesia parroquial de San Bartolomé,Iglesia,True,Diócesis de Canarias,False
Canarias-Las Palmas,Canarias-Las Palmas,Arucas,Vega de San Mateo,Casa parroquial de Ariñez,Casa Parroquial,True,Diócesis de Canarias,False
Canarias-Las Palmas,Canarias-Las Palmas,Arucas,Vega de San Mateo,Casa parroquial de San Mateo,Casa Parroquial,True,Diócesis de Canarias,False
Canarias-Las Palmas,Canarias-Las Palmas,Arucas,Vega de San Mateo,Iglesia de San Juan Bautista,Iglesia,True,Diócesis de Canarias,False
Canarias-Las Palmas,Canarias-Las Palmas,Arucas,Vega de San Mateo,Iglesia de María Auxiliadora,Iglesia,True,Diócesis de Canarias,False
Canarias-Las Palmas,Canarias-Las Palmas,Arucas,Vega de San Mateo,Trozo de Terreno de uso agrario,Terreno,False,Diócesis de Canarias,False
Canarias-Las Palmas,Canarias-Las Palmas,Arucas,Vega de San Mateo,Iglesia parroquial de San Mateo,Iglesia,True,Diócesis de Canarias,False
Canarias-Las Palmas,Canarias-Las Palmas,Arucas,Vega de San Mateo,Ermita de Nuestra Señora de Lourdes,Ermita,True,Diócesis de Canarias,False
Canarias-Las Palmas,Canarias-Las Palmas,Arucas,Las Palmas,"Solar con construcción en la C/ Procensa Guayarmina, 18",Terreno,False,Diócesis de Canarias,True
Canarias-Las Palmas,Canarias-Las Palmas,Arucas,Las Palmas,"Solar con construcción en la C/ Procensa Guayarmina, 20",Terreno,False,Diócesis de Canarias,True
Canarias-Las Palmas,Canarias-Las Palmas,Puerto del Rosario Nº 01,Puerto del Rosario,Nuestra Señora de la Concepción,Ermita,True,Diócesis de Canarias,False
Canarias-Las Palmas,Canarias-Las Palmas,Puerto del Rosario Nº 01,Puerto del Rosario,Cementerio de Tetir,Cementerio,True,Diócesis de Canarias,False
Canarias-Las Palmas,Canarias-Las Palmas,Puerto del Rosario Nº 01,Puerto del Rosario,Nuestra Señora de la Merced,Ermita,True,Diócesis de Canarias,False
Canarias-Las Palmas,Canarias-Las Palmas,Puerto del Rosario Nº 01,Puerto del Rosario,Nuestra Señora del Carmen,Ermita,True,Diócesis de Canarias,False
Canarias-Las Palmas,Canarias-Las Palmas,Puerto del Rosario Nº 01,Puerto del Rosario,,Rústica,False,Diócesis de Canarias,True
Canarias-Las Palmas,Canarias-Las Palmas,Puerto del Rosario Nº 01,Puerto del Rosario,,Rústica,False,Diócesis de Canarias,True
Canarias-Las Palmas,Canarias-Las Palmas,Puerto del Rosario Nº 01,Puerto del Rosario,,Rústica,False,Diócesis de Canarias,True
Canarias-Las Palmas,Canarias-Las Palmas,Puerto del Rosario Nº 01,Puerto del Rosario,,Rústica,False,Diócesis de Canarias,True
Canarias-Las Palmas,Canarias-Las Palmas,Puerto del Rosario Nº 01,Puerto del Rosario,,Rústica,False,Diócesis de Canarias,True
Canarias-Las Palmas,Canarias-Las Palmas,Puerto del Rosario Nº 01,Puerto del Rosario,,Rústica,False,Diócesis de Canarias,True
Canarias-Las Palmas,Canarias-Las Palmas,Puerto del Rosario Nº 01,Puerto del Rosario,,Rústica,False,Diócesis de Canarias,True
Canarias-Las Palmas,Canarias-Las Palmas,Puerto del Rosario Nº 01,Puerto del Rosario,,Rústica,False,Diócesis de Canarias,True
Canarias-Las Palmas,Canarias-Las Palmas,Puerto del Rosario Nº 01,Puerto del Rosario,,Rústica,False,Diócesis de Canarias,True
Canarias-Las Palmas,Canarias-Las Palmas,Puerto del Rosario Nº 01,Puerto del Rosario,,Rústica,False,Diócesis de Canarias,True
Canarias-Las Palmas,Canarias-Las Palmas,Puerto del Rosario Nº 01,Puerto del Rosario,,Rústica,False,Diócesis de Canarias,True
Canarias-Las Palmas,Canarias-Las Palmas,Puerto del Rosario Nº 01,Puerto del Rosario,,Rústica,False,Diócesis de Canarias,True
Canarias-Las Palmas,Canarias-Las Palmas,Puerto del Rosario Nº 01,Puerto del Rosario,,Rústica,False,Diócesis de Canarias,True
Canarias-Las Palmas,Canarias-Las Palmas,Puerto del Rosario Nº 01,Puerto del Rosario,,Rústica,False,Diócesis de Canarias,True
Canarias-Las Palmas,Canarias-Las Palmas,Puerto del Rosario Nº 01,Puerto del Rosario,,Rústica,False,Diócesis de Canarias,True
Canarias-Las Palmas,Canarias-Las Palmas,Puerto del Rosario Nº 01,Puerto del Rosario,,Rústica,False,Diócesis de Canarias,True
Canarias-Las Palmas,Canarias-Las Palmas,Puerto del Rosario Nº 01,Puerto del Rosario,,Rústica,False,Diócesis de Canarias,True
Canarias-Las Palmas,Canarias-Las Palmas,Puerto del Rosario Nº 01,Puerto del Rosario,,Rústica,False,Diócesis de Canarias,True
Canarias-Las Palmas,Canarias-Las Palmas,Puerto del Rosario Nº 01,Puerto del Rosario,,Rústica,False,Diócesis de Canarias,True
Canarias-Las Palmas,Canarias-Las Palmas,Puerto del Rosario Nº 01,Puerto del Rosario,,Rústica,False,Diócesis de Canarias,True
Canarias-Las Palmas,Canarias-Las Palmas,Puerto del Rosario Nº 01,Puerto del Rosario,,Rústica,False,Diócesis de Canarias,True
Canarias-Las Palmas,Canarias-Las Palmas,Puerto del Rosario Nº 01,Puerto del Rosario,,Rústica,False,Diócesis de Canarias,True
Canarias-Las Palmas,Canarias-Las Palmas,Puerto del Rosario Nº 01,Puerto del Rosario,,Rústica,False,Diócesis de Canarias,True
Canarias-Las Palmas,Canarias-Las Palmas,Puerto del Rosario Nº 01,Puerto del Rosario,,Rústica,False,Diócesis de Canarias,True
Canarias-Las Palmas,Canarias-Las Palmas,Puerto del Rosario Nº 01,Puerto del Rosario,,Rústica,False,Diócesis de Canarias,True
Canarias-Las Palmas,Canarias-Las Palmas,Puerto del Rosario Nº 01,Puerto del Rosario,,Rústica,False,Diócesis de Canarias,True
Canarias-Las Palmas,Canarias-Las Palmas,Puerto del Rosario Nº 01,Puerto del Rosario,,Rústica,False,Diócesis de Canarias,True
Canarias-Las Palmas,Canarias-Las Palmas,Puerto del Rosario Nº 01,Puerto del Rosario,,Rústica,False,Diócesis de Canarias,True
Canarias-Las Palmas,Canarias-Las Palmas,Puerto del Rosario Nº 01,Puerto del Rosario,,Rústica,False,Diócesis de Canarias,True
Canarias-Las Palmas,Canarias-Las Palmas,Puerto del Rosario Nº 01,Puerto del Rosario,,Rústica,False,Diócesis de Canarias,True
Canarias-Las Palmas,Canarias-Las Palmas,Puerto del Rosario Nº 01,Puerto del Rosario,,Rústica,False,Diócesis de Canarias,True
Canarias-Las Palmas,Canarias-Las Palmas,Puerto del Rosario Nº 01,Puerto del Rosario,,Rústica,False,Diócesis de Canarias,True
Canarias-Las Palmas,Canarias-Las Palmas,Puerto del Rosario Nº 01,Puerto del Rosario,,Rústica,False,Diócesis de Canarias,True
Canarias-Las Palmas,Canarias-Las Palmas,Puerto del Rosario Nº 01,Puerto del Rosario,,Rústica,False,Diócesis de Canarias,True
Canarias-Las Palmas,Canarias-Las Palmas,Puerto del Rosario Nº 01,Puerto del Rosario,,Rústica,False,Diócesis de Canarias,True
Canarias-Las Palmas,Canarias-Las Palmas,Puerto del Rosario Nº 01,Puerto del Rosario,,Rústica,False,Diócesis de Canarias,True
Canarias-Las Palmas,Canarias-Las Palmas,Puerto del Rosario Nº 01,Puerto del Rosario,,Rústica,False,Diócesis de Canarias,True
Canarias-Las Palmas,Canarias-Las Palmas,Puerto del Rosario Nº 01,Puerto del Rosario,,Rústica,False,Diócesis de Canarias,True
Canarias-Las Palmas,Canarias-Las Palmas,Puerto del Rosario Nº 01,Puerto del Rosario,,Rústica,False,Diócesis de Canarias,True
Canarias-Las Palmas,Canarias-Las Palmas,Puerto del Rosario Nº 01,Puerto del Rosario,,Rústica,False,Diócesis de Canarias,True
Canarias-Las Palmas,Canarias-Las Palmas,Puerto del Rosario Nº 01,Puerto del Rosario,,Rústica,False,Diócesis de Canarias,True
Canarias-Las Palmas,Canarias-Las Palmas,Puerto del Rosario Nº 01,Puerto del Rosario,,Rústica,False,Diócesis de Canarias,True
Canarias-Las Palmas,Canarias-Las Palmas,Puerto del Rosario Nº 01,Puerto del Rosario,,Rústica,False,Diócesis de Canarias,True
Canarias-Las Palmas,Canarias-Las Palmas,Puerto del Rosario Nº 01,Puerto del Rosario,,Rústica,False,Diócesis de Canarias,True
Canarias-Las Palmas,Canarias-Las Palmas,Puerto del Rosario Nº 01,Puerto del Rosario,,Rústica,False,Diócesis de Canarias,True
Canarias-Las Palmas,Canarias-Las Palmas,Puerto del Rosario Nº 01,Puerto del Rosario,,Rústica,False,Diócesis de Canarias,True
Canarias-Las Palmas,Canarias-Las Palmas,Puerto del Rosario Nº 01,Puerto del Rosario,,Rústica,False,Diócesis de Canarias,False
Canarias-Las Palmas,Canarias-Las Palmas,Puerto del Rosario Nº 01,Puerto del Rosario,,Rústica,False,Diócesis de Canarias,True
Canarias-Las Palmas,Canarias-Las Palmas,Puerto del Rosario Nº 01,Puerto del Rosario,Cementerio Casillas del Ángel,Cementerio,True,Diócesis de Canarias,False
Canarias-Las Palmas,Canarias-Las Palmas,Puerto del Rosario Nº 01,Puerto del Rosario,San Agustín y Santa Mónica,Ermita,True,Diócesis de Canarias,False
Canarias-Las Palmas,Canarias-Las Palmas,Puerto del Rosario Nº 01,Puerto del Rosario,San Pedro Alcántara,Ermita,True,Diócesis de Canarias,False
Canarias-Las Palmas,Canarias-Las Palmas,Puerto del Rosario Nº 01,Puerto del Rosario,,Vivienda,False,Diócesis de Canarias,False
Canarias-Las Palmas,Canarias-Las Palmas,Puerto del Rosario Nº 01,Puerto del Rosario,,Almacén,False,Diócesis de Canarias,False
Canarias-Las Palmas,Canarias-Las Palmas,Puerto del Rosario Nº 01,Puerto del Rosario,,Vivienda,False,Diócesis de Canarias,False
Canarias-Las Palmas,Canarias-Las Palmas,Puerto del Rosario Nº 01,Puerto del Rosario,,Almacén,False,Diócesis de Canarias,False
Canarias-Las Palmas,Canarias-Las Palmas,Puerto del Rosario Nº 01,Puerto del Rosario,Parroquia de Santa Ana,Iglesia,True,Diócesis de Canarias,False
Canarias-Las Palmas,Canarias-Las Palmas,Antigua,Antigua,"Plaza de Antigua,3",Culto Católico,False,Iglesia Católica,False
Canarias-Las Palmas,Canarias-Las Palmas,Antigua,Antigua,Paraje del Cementerio,Cementerio,False,Iglesia Católica,False
Canarias-Las Palmas,Canarias-Las Palmas,Antigua,Antigua,Marcos Trujillo 11,Casa Parroquial,True,Iglesia Católica,False
Canarias-Las Palmas,Canarias-Las Palmas,Antigua,Antigua,"Ermita de San Isidro, Triquivijate",Culto Católico,True,Iglesia Católica,False
Canarias-Las Palmas,Canarias-Las Palmas,Antigua,Antigua,"Ermita de Nuestra Señora de Guadalupe, Agua de Bueyes",Culto Católico,True,Iglesia Católica,False
Canarias-Las Palmas,Canarias-Las Palmas,Antigua,Antigua,Ermita de Nuestra Señora de la Caridad del Cobre,Culto Católico,True,Diócesis de Canarias,False
Canarias-Las Palmas,Canarias-Las Palmas,Antigua,Antigua,Ermita de San Roque Casillas de Morales,Culto Católico,True,Diócesis de Canarias,False
Canarias-Las Palmas,Canarias-Las Palmas,Antigua,Antigua,Solana de Buena Vista,Pastos,False,Iglesia Católica,False
Canarias-Las Palmas,Canarias-Las Palmas,Antigua,Antigua,Lugar de Arriba,Pastos,False,Iglesia Católica,False
Canarias-Las Palmas,Canarias-Las Palmas,Antigua,Antigua,Paraje la Culata,Pastos,False,Iglesia Católica,False
Canarias-Las Palmas,Canarias-Las Palmas,Antigua,Antigua,El Obispo,Pastos,False,Iglesia Católica,False
Canarias-Las Palmas,Canarias-Las Palmas,Antigua,Antigua,Cercado Don Domingo,Pastos,False,Iglesia Católica,False
Canarias-Las Palmas,Canarias-Las Palmas,Betancuria,Betancuria,Iglesia de Nuestra Señora de la Concepción,Culto católico,True,Iglesia Católica,False
Canarias-Las Palmas,Canarias-Las Palmas,Betancuria,Betancuria,Convento de San Francisco,Culto católico,False,Iglesia Católica,False
Canarias-Las Palmas,Canarias-Las Palmas,Betancuria,Betancuria,Convento de San Diego de Alcala,Culto católico,False,Iglesia Católica,False
Canarias-Las Palmas,Canarias-Las Palmas,Betancuria,Betancuria,"Ermita de Santa Ines, Valle de Santa Ines",Culto católico,True,Diócesis de Canarias,False
Canarias-Las Palmas,Canarias-Las Palmas,Betancuria,Betancuria,Ermita de Nuestra Señora de la Peña,Culto católico,True,Iglesia Católica,False
Canarias-Las Palmas,Canarias-Las Palmas,Betancuria,Betancuria,Valle de Santa Ines,Pastos,False,Iglesia Católica,False
Canarias-Las Palmas,Canarias-Las Palmas,Betancuria,Betancuria,Fuentezuela Valle de Santa Ines,Pastos,False,Iglesia Católica,False
Canarias-Las Palmas,Canarias-Las Palmas,Betancuria,Betancuria,"Tirafe, Valle de Santa Ines",Pastos,False,Iglesia Católica,False
Canarias-Las Palmas,Canarias-Las Palmas,Betancuria,Betancuria,Los Roines Valle de Santa Ines,Pastos,False,Iglesia Católica,False
Canarias-Las Palmas,Canarias-Las Palmas,Betancuria,Betancuria,"Los Roines, Valle de Santa Ines",Pastos,False,Iglesia Católica,False
Canarias-Las Palmas,Canarias-Las Palmas,Betancuria,Betancuria,"Virama, Valle de Santa Ines",Pastos,False,Iglesia Católica,False
Canarias-Las Palmas,Canarias-Las Palmas,Betancuria,Betancuria,"Virama, Valle de Santa Ines",Pastos,False,Iglesia Católica,False
Canarias-Las Palmas,Canarias-Las Palmas,Betancuria,Betancuria,"Valle, Valle de Santa Ines",Pastos,False,Iglesia Católica,False
Canarias-Las Palmas,Canarias-Las Palmas,Betancuria,Betancuria,"Valle Aceituno, Valle de Santa Ines",Pastos,False,Iglesia Católica,False
Canarias-Las Palmas,Canarias-Las Palmas,Betancuria,Betancuria,"Valle Cueva, Valle de Santa Ines",Pastos,False,Iglesia Católica,False
Canarias-Las Palmas,Canarias-Las Palmas,Betancuria,Betancuria,"Valle, Valle de Santa Ines",Pastos,False,Iglesia Católica,False
Canarias-Las Palmas,Canarias-Las Palmas,San Bartolome de Tirajana Nº 01,San Bartolome de Tirajana,Casa Parroquial en c/ San Juan Bautista nº1 en Fataga,Casa Parroquial,True,Iglesia Católica,False
Canarias-Las Palmas,Canarias-Las Palmas,San Bartolome de Tirajana Nº 01,San Bartolome de Tirajana,"Casa Parroquial y Salones parroquiales en Plaza de Santiago, 1 en Tunte",Casa parroquial y salones parroquiales,True,Iglesia Católica,False
Canarias-Las Palmas,Canarias-Las Palmas,San Bartolome de Tirajana Nº 01,San Bartolome de Tirajana,Iglesia y servicios parroquiales en Cercados de Araña,Iglesia y servicios parroquiales,True,Iglesia Católica,False
Canarias-Las Palmas,Canarias-Las Palmas,San Bartolome de Tirajana Nº 01,San Bartolome de Tirajana,Iglesia y servicios parroquiales en Ayacata,Iglesia y servicios parroquiales,True,Iglesia Católica,False
Canarias-Las Palmas,Canarias-Las Palmas,San Bartolome de Tirajana Nº 01,San Bartolome de Tirajana,Iglesia y servicios parroquiales en Risco Blanco,Urbana,False,Diócesis de Canarias,False
Canarias-Las Palmas,Canarias-Las Palmas,San Bartolome de Tirajana Nº 01,San Bartolome de Tirajana,Ermita de Nuestra Señora de los Dolores también con el nombre de Ermita Vieja de Cercado de Espino,Ermita,True,Diócesis de Canarias,False
Canarias-Las Palmas,Canarias-Las Palmas,San Bartolome de Tirajana Nº 01,San Bartolome de Tirajana,Iglesia de San José de Fataga,Iglesia,True,Diócesis de Canarias,False
Canarias-Las Palmas,Canarias-Las Palmas,Santa Lucia de Tirajana,Aguimes,Iglesia Parroquial de Nuestra Señora del Rosario,Iglesia,True,Diócesis de Canarias,False
Canarias-Las Palmas,Canarias-Las Palmas,Santa Lucia de Tirajana,Ingenio,Iglesia Parroquial de San Antonio   y dependencias parroquiales,"Iglesia, dependencias parroquiales y plaza",True,Iglesia Católica,True
Canarias-Las Palmas,Canarias-Las Palmas,Santa Lucia de Tirajana,Ingenio,Iglesia Parroquial de Nuestra Señora de la Candelaria,Iglesia Parroquial,True,Diócesis de Canarias,False
Canarias-Las Palmas,Canarias-Las Palmas,Santa Maria de Guia de Gran Canaria,Agaete,Cementerio de Agaete,Urbana,False,Diócesis de Canarias,False
Canarias-Las Palmas,Canarias-Las Palmas,Santa Maria de Guia de Gran Canaria,Agaete,Ermita de San Sebastián,Ermita,True,Diócesis de Canarias,False
Canarias-Las Palmas,Canarias-Las Palmas,Santa Maria de Guia de Gran Canaria,Agaete,Ermita de Santa Teresita del Niño Jesús,Ermita,True,Diócesis de Canarias,False
Canarias-Las Palmas,Canarias-Las Palmas,Santa Maria de Guia de Gran Canaria,Agaete,Salones Parroquiales,Salon parroquial,True,Diócesis de Canarias,False
Canarias-Las Palmas,Canarias-Las Palmas,Santa Maria de Guia de Gran Canaria,Agaete,Iglesia de Nuestra Señora de la Concepción,Iglesia,True,Diócesis de Canarias,False
Canarias-Las Palmas,Canarias-Las Palmas,Santa Maria de Guia de Gran Canaria,Agaete,Casa parroquial e Iglesia parroquial de San Pedro,Iglesia y Casa Parroquial,True,Diócesis de Canarias,False
Canarias-Las Palmas,Canarias-Las Palmas,Santa Maria de Guia de Gran Canaria,Artenara,Casa Parroquial,Solar,False,Diócesis de Canarias,False
Canarias-Las Palmas,Canarias-Las Palmas,Santa Maria de Guia de Gran Canaria,Artenara,Ermita Virgen de la Cuevita,Ermita,True,Diócesis de Canarias,False
Canarias-Las Palmas,Canarias-Las Palmas,Santa Maria de Guia de Gran Canaria,Artenara,Iglesia Parroquial de San Matías de Artenara,Iglesia,True,Diócesis de Canarias,False
Canarias-Las Palmas,Canarias-Las Palmas,Santa Maria de Guia de Gran Canaria,Artenara,Ermita del Santo Cristo y Nuestra Señora de la Candelaria,Ermita,True,Diócesis de Canarias,False
Canarias-Las Palmas,Canarias-Las Palmas,Galdar,Galdar,Iglesia de Santiago Apóstol,Iglesia,True,Diócesis de Canarias,False
Canarias-Las Palmas,Canarias-Las Palmas,Galdar,Galdar,Cementerio de San José de Caideros,Cementerio,True,Diócesis de Canarias,False
Canarias-Las Palmas,Canarias-Las Palmas,Galdar,Galdar,Iglesia Parroquial de San José de Caideros,Iglesia,True,Diócesis de Canarias,False
Canarias-Las Palmas,Canarias-Las Palmas,Galdar,Galdar,Iglesia de Santo Domingo,Iglesia,True,Diócesis de Canarias,False
Canarias-Las Palmas,Canarias-Las Palmas,Galdar,Galdar,Casa Parroquial,Casa Parroquial,True,Diócesis de Canarias,False
Canarias-Las Palmas,Canarias-Las Palmas,Galdar,Galdar,Ermita de San Sebastián,Ermita,True,Diócesis de Canarias,False
Canarias-Las Palmas,Canarias-Las Palmas,Galdar,Galdar,Casa Parroquial de Gáldar,Casa Parroquial,True,Diócesis de Canarias,False
Canarias-Las Palmas,Canarias-Las Palmas,Galdar,Galdar,Cementerio de Juncalillo,Cementerio,True,Diócesis de Canarias,False
Canarias-Las Palmas,Canarias-Las Palmas,Galdar,Galdar,Suerte de ánimas,Rustica,False,Diócesis de Canarias,False
Canarias-Las Palmas,Canarias-Las Palmas,Galdar,Galdar,Ermita de San Pedro González Telmo,Urbana,False,Diócesis de Canarias,False
Canarias-Las Palmas,Canarias-Las Palmas,Galdar,Galdar,Iglesia parroquial de Nuestra Señora de los Desamparados en Barrial,Iglesia,True,Diócesis de Canarias,False
Canarias-Las Palmas,Canarias-Las Palmas,Galdar,Moya,Solar ubicado en Fontanales,Rustica,False,Diócesis de Canarias,False
Canarias-Las Palmas,Canarias-Las Palmas,Galdar,Moya,Iglesia vieja de San Bartolomé de Fontanales,Iglesia,True,Diócesis de Canarias,False
Canarias-Las Palmas,Canarias-Las Palmas,Galdar,Moya,Iglesia nueva de Fontanales,Iglesia,True,Diócesis de Canarias,False
Canarias-Las Palmas,Canarias-Las Palmas,Galdar,Moya,Iglesia Nuestra Señora de la Candelaria,Iglesia,True,Diócesis de Canarias,False
Canarias-Las Palmas,Canarias-Las Palmas,Galdar,Moya,Ermita del Sagrado Corazón de Jesús,Iglesia,True,Diócesis de Canarias,False
Canarias-Las Palmas,Canarias-Las Palmas,San Nicolas de Tolentino,San Nicolas de Tolentino,Ermita de San Luis Gonzaga,Ermita,True,Diócesis de Canarias,False
Canarias-Las Palmas,Canarias-Las Palmas,San Nicolas de Tolentino,San Nicolas de Tolentino,Ermita de San Juan Bautista,Ermita,True,Diócesis de Canarias,False
Canarias-Las Palmas,Canarias-Las Palmas,San Nicolas de Tolentino,San Nicolas de Tolentino,Suelo sin edificar,Solar,False,Diócesis de Canarias,False
Canarias-Las Palmas,Canarias-Las Palmas,San Nicolas de Tolentino,San Nicolas de Tolentino,Cementerio,Urbana,False,Diócesis de Canarias,False
Canarias-Las Palmas,Canarias-Las Palmas,San Nicolas de Tolentino,San Nicolas de Tolentino,Casa de las monjas,Urbana,False,Diócesis de Canarias,False
Canarias-Las Palmas,Canarias-Las Palmas,San Nicolas de Tolentino,San Nicolas de Tolentino,Casa parroquial y salones parroquiales,Casa Parroquial,True,Diócesis de Canarias,False
Canarias-Las Palmas,Canarias-Las Palmas,San Nicolas de Tolentino,San Nicolas de Tolentino,Iglesia de San Nicolás,Iglesia,True,Diócesis de Canarias,False
Canarias-Las Palmas,Canarias-Las Palmas,Santa Maria de Guia,Santa Maria de Guia,Iglesia de Santa Maria de Guia,Iglesia,True,Diócesis de Canarias,False
Canarias-Las Palmas,Canarias-Las Palmas,Santa Maria de Guia,Santa Maria de Guia,Ermita de San Roque,Ermita,True,Diócesis de Canarias,False
Canarias-Las Palmas,Canarias-Las Palmas,Santa Maria de Guia,Santa Maria de Guia,Ermita de San Sebastian,Ermita,True,Diócesis de Canarias,False
Canarias-Las Palmas,Canarias-Las Palmas,Santa Maria de Guia,Santa Maria de Guia,Ermita del Sagrado Corazón del Palmital,Ermita,True,Diócesis de Canarias,False
Canarias-Las Palmas,Canarias-Las Palmas,Santa Maria de Guia,Santa Maria de Guia,Iglesia y Plaza de San José de la Montaña,Urbana,False,Diócesis de Canarias,False
Canarias-Las Palmas,Canarias-Las Palmas,Santa Maria de Guia,Santa Maria de Guia,Ermita de Santa Rita,Ermita,True,Diócesis de Canarias,False
Canarias-Las Palmas,Canarias-Las Palmas,Santa Maria de Guia,Santa Maria de Guia,Ermita de San Antonio de Padua,Ermita,True,Diócesis de Canarias,False
Canarias-Las Palmas,Canarias-Las Palmas,Santa Maria de Guia,Santa Maria de Guia,Ermita de San Felipe,Ermita,True,Diócesis de Canarias,False
Canarias-Las Palmas,Canarias-Las Palmas,Santa Maria de Guia,Santa Maria de Guia,Iglesia Parroquial de San Francisco de Asís,Iglesia,True,Diócesis de Canarias,False
Canarias-Las Palmas,Canarias-Las Palmas,Tejeda,Tejeda,Ermita de San Martín de Porres,Ermita,True,Diócesis de Canarias,False
Canarias-Las Palmas,Canarias-Las Palmas,Tejeda,Tejeda,Ermita de la Virgen Milagrosa,Ermita,True,Diócesis de Canarias,False
Canarias-Las Palmas,Canarias-Las Palmas,Tejeda,Tejeda,Iglesia del Socorro,Iglesia,True,Diócesis de Canarias,False
Canarias-Las Palmas,Canarias-Las Palmas,Tejeda,Tejeda,Ermita de la Virgen de Fátima,Ermita,True,Diócesis de Canarias,False
Canarias-Las Palmas,Canarias-Las Palmas,Tejeda,Tejeda,Ermita de San José,Rustica,False,Diócesis de Canarias,False
Canarias-Las Palmas,Canarias-Las Palmas,Tejeda,Tejeda,Cementerio parroquial de Tejeda,Cementerio,True,Diócesis de Canarias,False
Canarias-Las Palmas,Canarias-Las Palmas,Teguise,Haria,Museo de Haría,Museo,False,Diócesis de Canarias,False
Canarias-Las Palmas,Canarias-Las Palmas,Teguise,Haria,Ermita de Nuestra Señora de la Merced,Ermita,True,Diócesis de Canarias,False
Canarias-Las Palmas,Canarias-Las Palmas,Teguise,Haria,Ermita de San Juan,Ermita,True,Diócesis de Canarias,False
Canarias-Las Palmas,Canarias-Las Palmas,Teguise,Haria,Ermita de San Francisco Javier,Ermita,True,Diócesis de Canarias,False
Canarias-Las Palmas,Canarias-Las Palmas,Teguise,Haria,Ermita de Nuestra Señora de Lourdes,Ermita,True,Diócesis de Canarias,False
Canarias-Las Palmas,Canarias-Las Palmas,Teguise,Haria,Iglesia parroquial de Nuestra Señora de la Encarnación,Iglesia Parroquial,True,Diócesis de Canarias,False
Canarias-Las Palmas,Canarias-Las Palmas,Teguise,Haria,Ermita de Nuestra Señora Candelaria,Ermita,True,Diócesis de Canarias,False
Canarias-Las Palmas,Canarias-Las Palmas,Teguise,Haria,Ermita de Santa Rosa de Lima,Ermita,True,Diócesis de Canarias,False
Canarias-Las Palmas,Canarias-Las Palmas,Teguise,Teguise,Iglesia de Nuestra Señora del Socorro,Iglesia,True,Diócesis de Canarias,False
Canarias-Las Palmas,Canarias-Las Palmas,Teguise,Teguise,Ermita de San Leandro,Ermita,True,Diócesis de Canarias,False
Canarias-Las Palmas,Canarias-Las Palmas,Teguise,Teguise,Ermita de Señora Fátima y San Isidro,Ermita,True,Diócesis de Canarias,False
Canarias-Las Palmas,Canarias-Las Palmas,Teguise,Teguise,Ermita de Nuestra Señora de Nazaret,Ermita,True,Diócesis de Canarias,False
Canarias-Las Palmas,Canarias-Las Palmas,Teguise,Teguise,Ermita de Santa Catalina de Alejandría,Ermita,True,Diócesis de Canarias,False
Canarias-Las Palmas,Canarias-Las Palmas,Teguise,Teguise,Convento de Santo Domingo,Convento,True,Diócesis de Canarias,False
Canarias-Las Palmas,Canarias-Las Palmas,Teguise,Teguise,Iglesia de Santo Cristo de las Aguas,Iglesia,True,Diócesis de Canarias,False
Canarias-Las Palmas,Canarias-Las Palmas,Teguise,Teguise,Convento de San Francisco,Convento,True,Diócesis de Canarias,False
Canarias-Las Palmas,Canarias-Las Palmas,Teguise,Teguise,Iglesia de la Vera Cruz,Iglesia,True,Diócesis de Canarias,False
Canarias-Las Palmas,Canarias-Las Palmas,Teguise,Teguise,Ermita de San Sebastián,Ermita,True,Diócesis de Canarias,False
Canarias-Las Palmas,Canarias-Las Palmas,Teguise,Teguise,Iglesia de Nuestra Señora de Guadalupe,Iglesia,True,Diócesis de Canarias,False
Canarias-Las Palmas,Canarias-Las Palmas,Teguise,Teguise,Ermita de Corazón de María,Ermita,True,Diócesis de Canarias,False
Canarias-Las Palmas,Canarias-Las Palmas,Teguise,Teguise,Ermita de San Juan Bautista y San Juan Evangelista,Ermita,True,Diócesis de Canarias,False
Canarias-Las Palmas,Canarias-Las Palmas,Teguise,Teguise,Iglesia de de San Andrés,Iglesia,True,Diócesis de Canarias,False
Canarias-Las Palmas,Canarias-Las Palmas,Teguise,Teguise,TAO. Cementerio,Cementerio Parroquial,True,Diócesis de Canarias,False
Canarias-Las Palmas,Canarias-Las Palmas,Teguise,Teguise,Ermita de Nuestra Señora de la Peña y Plaza,Ermita,True,Diócesis de Canarias,False
Canarias-Las Palmas,Canarias-Las Palmas,Teguise,Teguise,Cementerio de Guatiza,Cementerio Parroquial,True,Diócesis de Canarias,False
Canarias-Las Palmas,Canarias-Las Palmas,Teguise,Teguise,Cementerio viejo de Teguise,Cementerio,True,Diócesis de Canarias,False
Canarias-Las Palmas,Canarias-Las Palmas,Telde Nº 01,Telde,Iglesia de San Gregorio,Iglesia Parroquial,True,Iglesia Católica,False
Canarias-Las Palmas,Canarias-Las Palmas,Telde Nº 01,Telde,Iglesia de Jinámar,Edificación Parroquial,True,Diócesis de Canarias,False
Canarias-Las Palmas,Canarias-Las Palmas,Tias,Tias,Iglesia vieja de Nuestra Señora de la Candelaria,Iglesia,True,Diócesis de Canarias,False
Canarias-Las Palmas,Canarias-Las Palmas,Tias,Tias,Ermita de San Antonio,Ermita,True,Diócesis de Canarias,False
Canarias-Las Palmas,Canarias-Las Palmas,Tias,Tias,Ermita  de la Magdalena,Ermita,True,Diócesis de Canarias,False
Canarias-Las Palmas,Canarias-Las Palmas,Tias,Tias,Ermita de Nuestra Señora del Carmen y de Lourdes,Ermita,True,Diócesis de Canarias,False
Canarias-Las Palmas,Canarias-Las Palmas,Tias,Tias,Ermita de San José Obrero,Ermita,True,Diócesis de Canarias,False
Canarias-Las Palmas,Canarias-Las Palmas,Tias,Tias,Iglesia nueva de San Antonio,Iglesia,True,Diócesis de Canarias,False
Canarias-Las Palmas,Canarias-Las Palmas,Tias,Yaiza,Iglesia de Nuestra Señora de Los Remedios,Iglesia,True,Diócesis de Canarias,False
Canarias-Las Palmas,Canarias-Las Palmas,Tias,Yaiza,Ermita de Nuestra Señora de la Caridad,Ermita,True,Diócesis de Canarias,False
