Comunidad Autónoma,Provincia,REGISTRO,Municipio,Titulo,Tipo,Templo y dependencias complementarias,Titular,Título distinto de certificación eclesiástica
Madrid,Madrid,Alcala de Henares Nº 02,Campo Real,Ermita de la Virgen de los Remedios,Ermita,True,Obispado de Alcalá de Henares,False
Madrid,Madrid,Alcala de Henares Nº 04,Valdilecha,Parcela El Cubillo,Rústica,False,Obispado de Alcalá de Henares,False
Madrid,Madrid,Alcala de Henares Nº 04,Valdilecha,Parcela los Morales,Rústica,False,Obispado de Alcalá de Henares,False
Madrid,Madrid,Alcala de Henares Nº 05,Alcala de Henares,Iglesia Catedral-Magistral,Catedral,True,Obispado de Alcalá de Henares,False
Madrid,Madrid,Alcobendas Nº 02,Alcobendas,San Pedro,Iglesia,True,Arzobispado de Madrid,False
Madrid,Madrid,Alcorcon nº 1,Alcorcon,IGLESIA PARROQUIAL bajo la advocación de Santa María la Blanca,Iglesia parroquial,True,Diócesis de Getafe,True
Madrid,Madrid,Aranjuez,Aranjuez,IGLESIA PARROQUIAL bajo la advocación de Nuestra Señora de las Angustias,Iglesia,True,Diócesis de Getafe,False
Madrid,Madrid,Arganda del Rey Nº 01,Brea de Tajo,Casa Parroquial,Casa parroquial,True,Parroquia de la Asunción de Nuestra Señora de Brea de Tajo,False
Madrid,Madrid,Arganda del Rey Nº 01,Morata de Tajuna,Parcela,Parcela,False,Parroquia de la Asunción de Nuestra Señora de Brea de Tajo,False
Madrid,Madrid,Arganda del Rey Nº 01,Morata de Tajuna,Parcela,Parcela,False,Parroquia de la Asunción de Nuestra Señora de Brea de Tajo,False
Madrid,Madrid,Arganda del Rey Nº 01,Morata de Tajuna,Parcela,Parcela,False,Parroquia de la Asunción de Nuestra Señora de Brea de Tajo,False
Madrid,Madrid,Boadilla del Monte,Boadilla del Monte,IGLESIA PARROQUIAL de San Cristóbal,Iglesia,True,Diócesis de Getafe,False
Madrid,Madrid,Chinchon,Colmenar de Oreja,Ermita,Urbana,False,Diócesis Getafe,False
Madrid,Madrid,Chinchon,Chinchon,Ermita,Rustica,True,Diócesis Getafe,False
Madrid,Madrid,Chinchon,Chinchon,Ermita,Urbana,True,Diócesis Getafe,False
Madrid,Madrid,Chinchon,Colmenar de Oreja,Tierra,Rústica,False,Diócesis Getafe,False
Madrid,Madrid,Chinchon,Colmenar de Oreja,Tierra,Rústica,False,Diócesis Getafe,False
Madrid,Madrid,Chinchon,Colmenar de Oreja,Tierra,Rústica,False,Diócesis Getafe,False
Madrid,Madrid,Chinchon,Villaconejos,Iglesia Parroquial,Urbana,True,Diócesis Getafe,False
Madrid,Madrid,Chinchon,Colmenar de Oreja,Tierra,Rústica,False,Diócesis Getafe,False
Madrid,Madrid,Chinchon,Colmenar de Oreja,Tierra,Rústica,False,Diócesis Getafe,False
Madrid,Madrid,Chinchon,Colmenar de Oreja,Tierra,Rústica,False,Diócesis Getafe,False
Madrid,Madrid,Chinchon,Colmenar de Oreja,Tierra,Rústica,False,Diócesis Getafe,False
Madrid,Madrid,Chinchon,Colmenar de Oreja,Tierra,Rústica,False,Diócesis Getafe,False
Madrid,Madrid,Chinchon,Colmenar de Oreja,Cementerio Católico,Cementerio católico,True,Diócesis Getafe,True
Madrid,Madrid,Chinchon,Valdelaguna,Iglesia Parroquial,Urbana,True,Diócesis Getafe,False
Madrid,Madrid,Chinchon,Colmenar de Oreja,Tierra,Rústica,False,Diócesis Getafe,False
Madrid,Madrid,Chinchon,Colmenar de Oreja,Tierra,Rústica,False,Diócesis Getafe,False
Madrid,Madrid,Chinchon,Colmenar de Oreja,Tierra,Rústica,False,Diócesis Getafe,False
Madrid,Madrid,Chinchon,Belmonte de Tajo,Tierra,Rústica,False,Diócesis Getafe,False
Madrid,Madrid,Chinchon,Belmonte de Tajo,Iglesia Parroquial,Urbana,False,Diócesis Getafe,False
Madrid,Madrid,Chinchon,Colmenar de Oreja,Tierra,Rústica,False,Diócesis Getafe,False
Madrid,Madrid,Chinchon,Colmenar de Oreja,Ermita,Urbana,True,Diócesis Getafe,False
Madrid,Madrid,Chinchon,Colmenar de Oreja,Iglesia Parroquial,Urbana,False,Diócesis Getafe,False
Madrid,Madrid,Chinchon,Belmonte de Tajo,Casa,Urbana,False,Caritas Diocesana Madrid y Hermanas de la Caridad de Cardena Sancha,True
Madrid,Madrid,Chinchon,Chinchon,Iglesia Parroquial,Urbana,True,Diócesis Getafe,False
Madrid,Madrid,Ciempozuelos,Ciempozuelos,"Tierra de labor secano,  en el paraje de VACIASILOS",Rústica,False,Diócesis de Getafe,True
Madrid,Madrid,Ciempozuelos,Ciempozuelos,"Finca de labor secano,  en el Paraje Eras",Rústica,False,Diócesis de Getafe,True
Madrid,Madrid,Ciempozuelos,Ciempozuelos,"Finca de labor secano,  en el Paraje Mesa",Rústica,False,Diócesis de Getafe,True
Madrid,Madrid,Ciempozuelos,Ciempozuelos,"Finca de labor secano,  en el Paraje CELADA",Rústica,False,Diócesis de Getafe,True
Madrid,Madrid,Ciempozuelos,Ciempozuelos,"Finca de labor secano,  en el Paraje CODRIOS",Rústica,False,Diócesis de Getafe,True
Madrid,Madrid,Ciempozuelos,Ciempozuelos,"Finca de labor secano,  en el Paraje de Viña Larga",Rústica,False,Diócesis de Getafe,True
Madrid,Madrid,Ciempozuelos,Ciempozuelos,"Finca de labor secano,  en el Paraje de Viña Larga",Rústica,False,Diócesis de Getafe,True
Madrid,Madrid,Ciempozuelos,Ciempozuelos,"Finca de labor secano,  en el Paraje Matagallegos",Rústica,False,Diócesis de Getafe,True
Madrid,Madrid,Ciempozuelos,Ciempozuelos,"Finca de labor secano,  en el Paraje Codrios",Rústica,False,Diócesis de Getafe,True
Madrid,Madrid,Ciempozuelos,Ciempozuelos,"Finca de labor regadío,  en el Paraje Artesones",Rústica,False,Diócesis de Getafe,True
Madrid,Madrid,Ciempozuelos,Ciempozuelos,"Finca de labor regadío,  en el Paraje Ollea",Rústica,False,Diócesis de Getafe,True
Madrid,Madrid,Ciempozuelos,Ciempozuelos,"Finca de labor regadío,  en el Paraje Ollea",Rústica,False,Diócesis de Getafe,True
Madrid,Madrid,Ciempozuelos,Ciempozuelos,"Finca de labor regadío,  en el Paraje Chocolate",Rústica,False,Diócesis de Getafe,True
Madrid,Madrid,Ciempozuelos,Ciempozuelos,"Finca de labor regadío,  en el Paraje Madrevieja",Rústica,False,Diócesis de Getafe,True
Madrid,Madrid,Ciempozuelos,Ciempozuelos,"Finca de labor regadío,  en el Paraje Madrevieja",Rústica,False,Diócesis de Getafe,True
Madrid,Madrid,Ciempozuelos,Ciempozuelos,"Finca de labor regadío,  en el Paraje Arenales",Rústica,False,Diócesis de Getafe,True
Madrid,Madrid,Ciempozuelos,Ciempozuelos,"Finca de labor regadío,  en el Paraje Barco",Rústica,False,Diócesis de Getafe,True
Madrid,Madrid,Ciempozuelos,Ciempozuelos,"Finca de labor regadío,  en el Paraje Puerta",Rústica,False,Diócesis de Getafe,True
Madrid,Madrid,Ciempozuelos,Ciempozuelos,"Finca de labor regadío,  en el Paraje Huesca",Rústica,False,Diócesis de Getafe,True
Madrid,Madrid,Ciempozuelos,Ciempozuelos,"Finca de labor regadío,  en el Paraje Tierra",Rústica,False,Diócesis de Getafe,True
Madrid,Madrid,Ciempozuelos,Ciempozuelos,"Finca de labor regadío,  en el Paraje Conda",Rústica,False,Diócesis de Getafe,True
Madrid,Madrid,Ciempozuelos,Ciempozuelos,"Finca de labor regadío,  en el Paraje Conda",Rústica,False,Diócesis de Getafe,True
Madrid,Madrid,Ciempozuelos,Ciempozuelos,"Finca de labor regadío,  en el Paraje Combo",Rústica,False,Diócesis de Getafe,True
Madrid,Madrid,Ciempozuelos,Ciempozuelos,"Finca de labor regadío,  en el Paraje Peñuela",Rústica,False,Diócesis de Getafe,True
Madrid,Madrid,Ciempozuelos,Ciempozuelos,"Finca de labor regadío,  en el Paraje Peñuela",Rústica,False,Diócesis de Getafe,True
Madrid,Madrid,Ciempozuelos,Ciempozuelos,"Finca de labor secano,  en el PARAJE VACIASILOS",Rústica,False,Diócesis de Getafe,True
Madrid,Madrid,Ciempozuelos,Ciempozuelos,"Finca de labor secano,  en el PARAJE VACIASILOS",Rústica,False,Diócesis de Getafe,True
Madrid,Madrid,Ciempozuelos,Ciempozuelos,Finca de labor secano en el PARAJE VACIASILOS,Rústica,False,Diócesis de Getafe,True
Madrid,Madrid,Ciempozuelos,Ciempozuelos,Ermita del Consuelo,Ermita,True,Diócesis de Getafe,True
Madrid,Madrid,Ciempozuelos,Ciempozuelos,IGLESIA PARROQUIAL bajo la advocación de Santa María Magdalena,Iglesia parroquial,True,Diócesis de Getafe,True
Madrid,Madrid,Ciempozuelos,Ciempozuelos,Finca en el paraje La Peñuela,Rústica,False,Diócesis de Getafe,True
Madrid,Madrid,Ciempozuelos,Ciempozuelos,Finca en el paraje denominado Tordillas,Rústica,False,Diócesis de Getafe,True
Madrid,Madrid,Ciempozuelos,Ciempozuelos,Finca en el paraje la Peñalvilla,Rústica,False,Diócesis de Getafe,True
Madrid,Madrid,Ciempozuelos,Ciempozuelos,Finca en el paraje la Peñalvilla,Rústica,False,Diócesis de Getafe,True
Madrid,Madrid,Ciempozuelos,Ciempozuelos,Finca en el paraje La Peñalvilla,Rústica,False,Diócesis de Getafe,True
Madrid,Madrid,Ciempozuelos,Ciempozuelos,Finca en el paraje Espadaña,Rústica,False,Diócesis de Getafe,True
Madrid,Madrid,Ciempozuelos,Ciempozuelos,Finca en el paraje Molino del Rey,Rústica,False,Diócesis de Getafe,True
Madrid,Madrid,Ciempozuelos,Titulcia,IGLESIA PARROQUIAL y otras dependencias parroquiales bajo la advocación de Santa María Magdalena,Iglesia parroquial,True,Diócesis de Getafe,True
Madrid,Madrid,Colmenar Viejo,Colmenar Viejo,Finca Mata Maello,Rústica,False,Arzobispado de Madrid Alcalá,False
Madrid,Madrid,Colmenar Viejo,Colmenar Viejo,Finca La Pantorrilla,Rústica,False,Arzobispado de Madrid Alcalá,False
Madrid,Madrid,Colmenar Viejo,Colmenar Viejo,Finca La Mueda,Rústica,False,Arzobispado de Madrid Alcalá,False
Madrid,Madrid,Colmenar Viejo,Colmenar Viejo,Ermita Nuestra Señora de los Remedios,Ermita,True,Parroquia de la Asunción de Nuestra Señora,False
Madrid,Madrid,Colmenar Viejo,Colmenar Viejo,Ermita Nuestra Señora de la Soledad,Ermita,True,Arzobispado de Madrid Alcalá,False
Madrid,Madrid,Colmenar Viejo,Colmenar Viejo,Finca Cerca de Ramos,Rústica,False,Arzobispado de Madrid Alcalá,False
Madrid,Madrid,Colmenar Viejo,Colmenar Viejo,Ermita de Santa Ana Extramuros,Ermita,True,Arzobispado de Madrid Alcalá,False
Madrid,Madrid,Colmenar Viejo,Colmenar Viejo,Ermita calle Ganaderos,Ermita,True,Arzobispado de Madrid Alcalá,False
Madrid,Madrid,Colmenar Viejo,Colmenar Viejo,Ermita de Santa Ana,Ermita,True,Arzobispado de Madrid Alcalá,False
Madrid,Madrid,Colmenar Viejo,Colmenar Viejo,Iglesia Parroquial Asunción de Nuestra Señora,Iglesia,True,Arzobispado de Madrid Alcalá,False
Madrid,Madrid,Colmenar Viejo,Tres Cantos,Finca Hoyas de San Roque,Rústica,False,Arzobispado de Madrid Alcalá,False
Madrid,Madrid,Guadalix de la Sierrra,Guadalix de la Sierrra,TIERRA de secano al sitio de Las Cabezadas,Tierra secano,False,Parroquia San Juan Bautista,True
Madrid,Madrid,Guadalix de la Sierrra,Guadalix de la Sierrra,"Parcela 1, procedente del Prado Panete y ubicada en la c/ Prado Panete, 102",Rústica,False,Arzobispado de Madrid,True
Madrid,Madrid,Guadalix de la Sierrra,Guadalix de la Sierrra,Iglesia de la Parroquia de San Juan Bautista,Iglesia,True,Arzobispado de Madrid,True
Madrid,Madrid,Guadalix de la Sierrra,Guadalix de la Sierrra,Centro Parroquial de la Iglesia de San Juan Bautista,Centro Parroquial,True,Arzobispado de Madrid,True
Madrid,Madrid,Guadalix de la Sierrra,Guadalix de la Sierrra,"Parcela con alambrada y postes metálicos , propiedad de la Iglesia de San Juan Bautista",Parcela urbana,False,Arzobispado de Madrid,True
Madrid,Madrid,Guadalix de la Sierrra,Guadalix de la Sierrra,"Parcela con alambrada y postes metálicos , propiedad de la Iglesia de San Juan Bautista",Parcela urbana,False,Arzobispado de Madrid,True
Madrid,Madrid,Guadalix de la Sierrra,Guadalix de la Sierrra,"Situada en el paraje de Peña Gorda, en el Polígono 1 parcela 12, está destinada a pastos.",Rústica,False,Arzobispado de Madrid,True
Madrid,Madrid,Guadalix de la Sierrra,Guadalix de la Sierrra,"Situada en el paraje de Peña Gorda, en el Polígono 1, parcela 96, en el término de Guadalix de la Sierra.",Rústica,False,Arzobispado de Madrid,True
Madrid,Madrid,Guadalix de la Sierrra,Guadalix de la Sierrra,"Situada en el paraje de Entresierra, en el Polígono 1, parcela 319",Rústica,False,Arzobispado de Madrid,True
Madrid,Madrid,Hoyo de Manzanares,Hoyo de Manzanares,Herren al sitio de Santa Ana,Rústica,False,Comunidad Judía de Madrid,True
Madrid,Madrid,Hoyo de Manzanares,Hoyo de Manzanares,"Parcela 29 al sitio de ""Peña del Rayo"", procedente de la parcelación de la finca denominada ""Palomo""",Parcela urbana,False,Arzobispado de Madrid - Sede Metropolitana de Madrid,True
Madrid,Madrid,Hoyo de Manzanares,Hoyo de Manzanares,"Parcela 31 al sitio de ""Peña del Rayo"", procedente de la parcelación de la finca denominada ""Palomo""",Parcela urbana,False,Arzobispado de Madrid - Sede Metropolitana de Madrid,True
Madrid,Madrid,Hoyo de Manzanares,Hoyo de Manzanares,"Parcela señalada con la letra ""E"", al sitio de Peña del Rayo",Parcela urbana,False,Arzobispado Madrid Alcalá,True
Madrid,Madrid,Hoyo de Manzanares,Hoyo de Manzanares,"Terreno al punto denominado Los Arroyuelos, parte del Sanatorio Miralpardo.",,False,Comunidad Judía de Madrid,True
Madrid,Madrid,Manzanares El Real,Manzanares El Real,Iglesia Parroquial de Nuestra Señora de las Nieves,Finca urbana,False,Arzobispado de Madrid,True
Madrid,Madrid,Manzanares El Real,Manzanares El Real,"Parcela urbana dedicada a uso religioso y suelo sin edificar, donde se encuentra la ""Ermita de Nuestra Señora de la Peña""",Ermita,True,Arzobispado de Madrid,True
Madrid,Madrid,Manzanares El Real,Manzanares El Real,"Parcela, o suelo sin edificar, sita en C/ Peña Sacra, 8-A",Parcela urbana,False,Arzobispado de Madrid,True
Madrid,Madrid,Manzanares El Real,Manzanares El Real,"Parcela con edificio construido, dedicada a Vivienda Sacerdotal y Dependencias Parroquiales sita en la c/ del Cura, 1",Vivienda,False,Arzobispado de Madrid,True
Madrid,Madrid,Miraflores de la Sierra,Miraflores de la Sierra,Casa rectoral  en la calle Tahona 9,Casa rectoral,True,Parroquia Miraflores de la Sierrra,True
Madrid,Madrid,Miraflores de la Sierra,Miraflores de la Sierra,"Parcela de terreno, al sitio Cerro de los Santos",Parcela urbana,False,Arzobispado de Madrid,True
Madrid,Madrid,Miraflores de la Sierra,Miraflores de la Sierra,"Parcela de terreno  al sitio del Cerro de los Santos, nº 59 al 66 y otros ignorados",Parcela urbana,False,Arzobispado de Madrid,True
Madrid,Madrid,Miraflores de la Sierra,Miraflores de la Sierra,Parcela de terreno al sitio del Cerro de los Santos,Parcela urbana,False,Arzobispado de Madrid,True
Madrid,Madrid,Miraflores de la Sierra,Miraflores de la Sierra,"Casa hoy solar, en C/ Tahona, 5",Casa - solar,False,Parroquia de la Asunción de Nuestra Señora de Miraflores de la Sierra,True
Madrid,Madrid,Miraflores de la Sierra,Miraflores de la Sierra,"Ermita dedicada a Nuestra Señora, en la Colonia Padre Rivero",Ermita,True,Arzobispado de Madrid,True
Madrid,Madrid,Miraflores de la Sierra,Miraflores de la Sierra,Iglesia Parroquial Asunción de Nuestra Señora,Iglesia,True,Arzobispado de Madrid,True
Madrid,Madrid,Miraflores de la Sierra,Miraflores de la Sierra,"Vivienda de dos plantas, en C/ Real, 10",Vivienda,False,Arzobispado de Madrid,True
Madrid,Madrid,Miraflores de la Sierra,Miraflores de la Sierra,ERMITA-CAPILLA del Padre Rivero,Ermita-capilla,True,Arzobispado de Madrid,True
Madrid,Madrid,Soto del Real,Soto del Real,Prado conocido con el nombre de Soto Alto y Bajo,Finca rúsitca,False,Parroquia de Concepción de Nuestra Señora de Madrid,True
Madrid,Madrid,Soto del Real,Soto del Real,"Cercado  que fue de labor, al punto del Charcón",Finca rúsitca,False,Parroquia de Concepción de Nuestra Señora de Madrid,True
Madrid,Madrid,Soto del Real,Soto del Real,Rústica.- Cercado al punto del Charcón,Finca rúsitca,False,Parroquia de Concepción de Nuestra Señora de Madrid,True
Madrid,Madrid,Soto del Real,Soto del Real,Cercado en al punto del Charcón,Finca rúsitca,False,Parroquia de Concepción de Nuestra Señora de Madrid,True
Madrid,Madrid,Soto del Real,Soto del Real,Tierra en al sitio de Los Cerrillos o Carrasca,Finca rúsitca,False,Parroquia de Concepción de Nuestra Señora de Madrid,True
Madrid,Madrid,Soto del Real,Soto del Real,"Vivienda en 1ª B del edificio  en c/ Paloma, 2",Vivienda,False,Arzobispado de Madrid Parroquia de la Inmaculada Concepción de Soto del Real,True
Madrid,Madrid,Soto del Real,Soto del Real,Iglesia Parroquial de Inmaculada Concepcion,Iglesia,True,Arzobispado de Madrid,True
Madrid,Madrid,Fuenlabrada Nº 01,Humanes de Madrid,Forma parte de la Iglesia Parroquial dedicada a Santo Domingo de Guzmán y Casa rectoral,Terreno urbano,False,Diócesis de Getafe,False
Madrid,Madrid,Grinon,Grinon,Iglesia Parroquial,Iglesia parroquial,True,Diócesis de Getafe,False
Madrid,Madrid,Grinon,Grinon,Casa Parroquial,Casa parroquial,True,Diócesis de Getafe,False
Madrid,Madrid,Grinon,Grinon,"Terreno, capilla y cementerio","Terreno, Capilla Y Cementerio",True,Diócesis de Getafe,False
Madrid,Madrid,Grinon,Grinon,Complejos Parroquiales,Complejos parroquiales,True,Diócesis de Getafe,False
Madrid,Madrid,Grinon,Grinon,Parcela 52 polígono 2 Catastro,Rústica,False,Diócesis de Getafe,False
Madrid,Madrid,Grinon,Grinon,Parcela 104 polígono 4 Catastro,Rústica,False,Diócesis de Getafe,False
Madrid,Madrid,Grinon,Grinon,Parcela 156 polígono 4 Catastro,Rústica,False,Diócesis de Getafe,False
Madrid,Madrid,Fuenlabrada Nº 02,Cubas de la Sagra,Cementerio parroquial,Cementerio parroquial,True,Parroquia de Cubas,True
Madrid,Madrid,Fuenlabrada Nº 02,Cubas de la Sagra,Iglesia parroquial detinada a San Andrés Apóstol,Iglesia,True,Diócesis de Getafe,False
Madrid,Madrid,Fuenlabrada Nº 04,Fuenlabrada,,Iglesia,True,Diócesis de Getafe,False
Madrid,Madrid,Fuenlabrada Nº 04,Fuenlabrada,,Ermita,True,Diócesis de Getafe,True
Madrid,Madrid,Fuenlabrada Nº 04,Casarrubielos,,Vivienda,False,Diócesis de Getafe,True
Madrid,Madrid,Fuenlabrada Nº 04,Casarrubielos,,Iglesia,True,Diócesis de Getafe,False
Madrid,Madrid,Fuenlabrada Nº 04,Fuenlabrada,,Local,False,Diócesis de Getafe,True
Madrid,Madrid,Galapagar,Galapagar,Parroquia Nuestra Sra de la Asuncion,Urbana,False,Arzobispado de Madrid,False
Madrid,Madrid,Getafe Nº 01,Getafe,"Finca urbana, Plaza de la Magdalena 1",Catedral,True,Diócesis de Getafe,False
Madrid,Madrid,Getafe Nº 01,Getafe,"Finca urbana, c/ Toledo 41",Ermita,True,Diócesis de Getafe,False
Madrid,Madrid,Getafe Nº 01,Getafe,"Finca urbana, Plaza General Palacios,12",Iglesia parroquial,True,Diócesis de Getafe,False
Madrid,Madrid,Getafe Nº 01,Getafe,"Finca rustica, termino de Valdelobos",Rústica,False,Diócesis de Getafe,False
Madrid,Madrid,Getafe Nº 01,Getafe,"Finca rustica, termino de Valdelobos",Rústica,False,Diócesis de Getafe,False
Madrid,Madrid,Guadarrama-Alpedrete,Alpedrete,Ermita de Santa Quiteria,Ermita,True,Arzobispado de Madrid,False
Madrid,Madrid,Guadarrama-Alpedrete,Alpedrete,"Iglesia parroquial, residencia sacerdotal y dependencias parroquiales",Iglesia,True,Arzobispado de Madrid,False
Madrid,Madrid,Guadarrama-Alpedrete,Los Molinos,Ermita de San José,Ermita,True,Arzobispado de Madrid,False
Madrid,Madrid,Guadarrama-Alpedrete,Los Molinos,Iglesia Parroquial de la Purísima Concepción de Los Molinos,Iglesia,True,Arzobispado de Madrid,False
Madrid,Madrid,Guadarrama-Alpedrete,Los Molinos,Edifio de una única planta,Parcela,False,Arzobispado de Madrid,False
Madrid,Madrid,Leganes,Leganes,Iglesia parroquial destinada a San Nicasio,Iglesia,True,Diócesis de Getafe,False
Madrid,Madrid,Leganes,Leganes,"Edificio destinado a Ermita Avenida de Fuenlabrada, 88",Ermita,True,Diócesis de Getafe,False
Madrid,Madrid,Leganes,Leganes,Iglesia parroquial destinada a El Salvador,Iglesia,True,Diócesis de Getafe,False
Madrid,Madrid,Leganes,Leganes,Iglesia parroquial dedicada a San Eladio,Terreno,False,Diócesis de Getafe,False
Madrid,Madrid,Madrid Nº 03,Madrid,Iglesia Parroquial de Nuestra Señora de las Angustias de Madrid,Iglesia,True,Parroquia de Nuestra Señora de las Angustias,False
Madrid,Madrid,Madrid,Madrid,Capilla del Santo Niño del Remedio,Capilla,True,Arzobispado de Madrid,False
Madrid,Madrid,Madrid,Madrid,Iglesia de San Nicolás -Italianos-,Templo,True,Arzobispado de Madrid,False
Madrid,Madrid,Madrid,Madrid,IGLESIA DE SANTIAGO -oficialmente llamada Iglesia de Santiago y San Juan Bautista-,Iglesia,True,Arzobispado de Madrid. Parroquia Santiago y San Juan Baustista,False
Madrid,Madrid,Madrid,Madrid,Iglesia Parroquial de San Ginés,Iglesia,True,Arzobispado de Madrid,False
Madrid,Madrid,Madrid,Madrid,"Solar en la C/ Segovia, 41",Solar,False,Arzobispado de Madrid,False
Madrid,Madrid,Madrid Nº 10,Madrid,Acceso a dependencias parroquiales Complejo de San Pablo,Solar,False,Arzobispado de Madrid,False
Madrid,Madrid,Madrid Nº 11,Barajas -Madrid-,Iglesia Parroquial San Pedro Apóstol de Barajas,Iglesia,True,Arzobispado de Madrid,False
Madrid,Madrid,Madrid Nº 12,Hortaleza,Iglesia,Iglesia,True,Arzobispado de Madrid,False
Madrid,Madrid,Madrid Nº 16,Madrid,"Piso 2º Dcha - C/ Corte del Faraón, 13",Vivienda,False,"25% nuda propiedad - Misiones Salesianas 
25% nuda propiedad - Parroquia de La Inmaculada Concepción Virgen María Orellana La Vieja 
50% Nuda Propiedad - Congregación de las Hermanas de los Ancianos Desamparados de Trujillo",True
Madrid,Madrid,Madrid Nº 16,Madrid,"Piso 1º Dcha - C/ Cristo de Lepanto, 1",Vivienda,False,Parroquia de Nuestra Señora de la Soledad,True
Madrid,Madrid,Madrid Nº 16,Madrid,"Local Semisotano - C/ Luis de la Torre, 16",Local,False,Parroquia Cristo Rey de Usera,True
Madrid,Madrid,Madrid Nº 16,Madrid,"Piso 1º B - C/ San Aureliano, 1",Vivienda,False,Parroquia de Nuestra Señora del Pino,True
Madrid,Madrid,Madrid Nº 16,Madrid,"Local nº 1 - C/ Real de Pint,  60",Local,False,Parroquia de Santa Inés,True
Madrid,Madrid,Madrid Nº 16,Madrid,"Plaza de Garaje nº 29 - C/ Hermandad de Donantes de Sangre, 9",Plaza garaje,False,"25% nuda propiedad - Misiones Salesianas 
25% nuda propiedad - Parroquia de La Inmaculada Concepción Virgen María Orellana La Vieja 
50% Nuda Propiedad - Congregación de las Hermanas de los Ancianos Desamparados de Trujillo",True
Madrid,Madrid,Madrid Nº 16,Madrid,"Piso 1º D - C/ Albaicin, 2",Vivienda,False,Parroquia San Simón y San Judas de Madrid,True
Madrid,Madrid,Madrid Nº 16,Madrid,"Piso 3º A/Dcha - C/ Cristo de la Victoria, 124",Vivienda,False,Parroquia de Nuestra Señora de la Soledad,True
Madrid,Madrid,Madrid Nº 17,Madrid,Parroquia,Parroquia,True,Parroquia de Santa María la Blanca,False
Madrid,Madrid,Madrid Nº 18,Madrid,"Local destinado para fines pastorales, el ejercicio de la caridad y el sagrado apostolado por parte de la Parroquia San Ignacio de Loyola en Madrid.",Certificación eclesiástica. Posesión pacífica desde 1950,False,Fue el Arzobispado de Madrid. Titular actual es Ayto. Madrid por titulo de expropiacion de 30-10-14,False
Madrid,Madrid,Madrid Nº 20,Madrid,Iglesia,Iglesia,True,Arzobispado de Madrid,False
Madrid,Madrid,Madrid Nº 25,Madrid,Iglesia Parroquial de San Antonio de la Florida,Iglesia,True,Arzobispado de Madrid,False
Madrid,Madrid,Madrid Nº 27,Madrid,Iglesia del Carmen y San Luis,Iglesia,True,Arzobispado de Madrid,True
Madrid,Madrid,Madrid Nº 27,Madrid,Iglesia,Iglesia,True,Arzobispado de Madrid,True
Madrid,Madrid,Madrid Nº 28,Madrid,Iglesia de San José,Iglesia,True,Arzobispado de Madrid,False
Madrid,Madrid,Madrid Nº 28,Madrid,Iglesia de Santa Bárbara,Iglesia,True,Arzobispado de Madrid,False
Madrid,Madrid,Madrid Nº 28,Madrid,Iglesia de Santa Teresa y Santa Isabel,Iglesia,True,Arzobispado de Madrid,False
Madrid,Madrid,Madrid,Madrid,Parroquia Nuestra Señora del Rosario de Fátima,Parroquia,True,Parroquia de Nuestra Señora del Rosario de Fátima,False
Madrid,Madrid,Madrid Nº 31,Madrid,Iglesia,Complejo parroquial,True,Parroquia de San Roque-Arzobispado de Madrid,False
Madrid,Madrid,Madrid Nº 34,Madrid,Patio residencia ancianos,Patio residencia ancianos,False,Congregación de Religiosas Siervas de los Pobres Hijas del Sagrado Corazón de Jesús,False
Madrid,Madrid,Madrid Nº 34,Madrid,Suelo,Suelo,False,Instituto Catequista Dolores Sopeña (transmitida según nota simple),False
Madrid,Madrid,Madrid Nº 35,Madrid,"Terreno dedicado a Agrario, Pastos",Terreno Agrario,False,Arzobispado de Madrid,False
Madrid,Madrid,Madrid Nº 35,Madrid,"Terreno dedicado a Agrario, Pastos",Terreno Agrario,False,Arzobispado de Madrid,False
Madrid,Madrid,Madrid Nº 37,Madrid,el templo parroquial bajo la advocación de San Millán y San Cayetano,Parroquia,True,Arzobispado de Madrid,False
Madrid,Madrid,Madrid Nº 37,Madrid,Parroquia el Salvador y San Nicolas de Madrid,Iglesia,True,Parroquia de El Salvador,False
Madrid,Madrid,Madrid Nº 39,Madrid,Prado Virgen de la Torre,Ermita,True,Arzobispado de Madrid,False
Madrid,Madrid,Madrid Nº 39,Madrid,"c/ Puerto de Canfranc, 19",Iglesia,True,Arzobispado de Madrid,False
Madrid,Madrid,Madrid Nº 40,Madrid,Complejo parroquial de la ASUNCIÓN DE NUESTRA SEÑORA,Complejo parroquial,True,Arzobispado de Madrid,False
Madrid,Madrid,Madrid Nº 40,Madrid,Residencia Parroquial y Dependencias Parroquiales de la Parroquia ASUNCIÓN DE NUESTRA SEÑORA,Residencia parroquial,True,Arzobispado de Madrid,False
Madrid,Madrid,Madrid Nº 40,Madrid,Ermita de Nuestra Señora del Buen Camino,Ermita,True,Arzobispado de Madrid,False
Madrid,Madrid,Madrid Nº 40,Madrid,Iglesia Parroquial de Nuestra Señora del Carmen de el Plantío,Iglesia,True,Arzobispado de Madrid,False
Madrid,Madrid,Madrid Nº 48,,,,False,,
Madrid,Madrid,Madrid,Madrid,Complejo Parroquial de la Parroquia Santa Catalina de Alejandria,Complejo Parroquial de la Parroquia Santa Catalina de Alejandría,True,Arzobispado de Madrid,True
Madrid,Madrid,Madrid Nº 53,Madrid,"Parcela sita en Madrid, Plaza de la Parroquia s/n",Parcela de terreno,False,Arzobispado de Madrid,True
Madrid,Madrid,Madrid Nº 53,Madrid,Iglesia Parroquial San Sebastián Mártir,Parcela,True,Arzobispado de Madrid,True
Madrid,Madrid,Madrid Nº 54,Madrid,,Ermita,True,Arzobispado de Madrid,False
Madrid,Madrid,Madrid Nº 54,Madrid,,Ermita,True,Arzobispado de Madrid,False
Madrid,Madrid,Madrid Nº 54,Madrid,,Parroquia,True,Parroquia San Miguel Arcángel,False
Madrid,Madrid,Madrid Nº 54,Madrid,,Viviendas y dependencias parroquiales,False,Arzobispado de Madrid,False
Madrid,Madrid,Madrid Nº 54,Madrid,,Iglesia,True,Arzobispado de Madrid,False
Madrid,Madrid,Meco,Valdeavero,Cemenerio y Capilla,Cementerio y Capilla,True,Obispado de Alcalá de Henares,False
Madrid,Madrid,Becerril,Becerril,,Residencia,False,Arzobispado de Madrid,True
Madrid,Madrid,Becerril,Becerril,,Cementerio,True,Arzobispado de Madrid,True
Madrid,Madrid,Becerril,Becerril,,Parroquia,True,Arzobispado de Madrid,True
Madrid,Madrid,El Boalo,El Boalo,,Parcela,False,Arzobispado de Madrid,True
Madrid,Madrid,El Boalo,El Boalo,,Parcela,False,Arzobispado de Madrid,True
Madrid,Madrid,El Boalo,El Boalo,,Residencia,False,Arzobispado de Madrid,True
Madrid,Madrid,El Boalo,El Boalo,,Parroquia,True,Arzobispado de Madrid,True
Madrid,Madrid,El Boalo,Moralzarzal,,Parroquia,True,Arzobispado de Madrid,True
Madrid,Madrid,El Boalo,Moralzarzal,,Vivienda,False,Arzobispado de Madrid,True
Madrid,Madrid,El Boalo,Navacerrada,,Parroquia,True,Arzobispado de Madrid,True
Madrid,Madrid,El Boalo,Navacerrada,,Vivienda,False,Arzobispado de Madrid,True
Madrid,Madrid,Mostoles Nº 01,Mostoles,Iglesia Parroquial,Iglesia,True,Diócesis de Getafe,False
Madrid,Madrid,Batres,Batres,,Casa,False,Diocesis de Getafe,False
Madrid,Madrid,Batres,Batres,Destinado a Cementerio,Cementerio,True,Diocesis de Getafe,False
Madrid,Madrid,Batres,Batres,Iglesia Parroquial de Nuestra Señora de la Asunción,Iglesia Parroquial,True,Diocesis de Getafe,False
Madrid,Madrid,Moraleja de En medio,Moraleja de En medio,Ermita destinada al culto del Santísimo Cristo del Perdón,Ermita,True,Diocesis de Getafe,False
Madrid,Madrid,Moraleja de En medio,Moraleja de En medio,,Rústica,False,Diocesis de Getafe,False
Madrid,Madrid,Moraleja de En medio,Moraleja de En medio,,Rústica,False,Diocesis de Getafe,False
Madrid,Madrid,Moraleja de En medio,Moraleja de En medio,Iglesia Parroquial de dicada a San Millán,Iglesia Parroquial,True,Diocesis de Getafe,False
Madrid,Madrid,Moraleja de En medio,Mostoles,,Vivienda,False,Obispado de Getafe,True
Madrid,Madrid,Serranillos del Valle,Serrenillos del Valle,,Rústica,False,Diocesis de Getafe,False
Madrid,Madrid,Serranillos del Valle,Serrenillos del Valle,,Rústica,False,Diocesis de Getafe,False
Madrid,Madrid,Serranillos del Valle,Serrenillos del Valle,,Rústica,False,Diocesis de Getafe,False
Madrid,Madrid,Serranillos del Valle,Serrenillos del Valle,,Rústica,False,Diocesis de Getafe,False
Madrid,Madrid,Serranillos del Valle,Serrenillos del Valle,,Rústica,False,Diocesis de Getafe,False
Madrid,Madrid,Serranillos del Valle,Serrenillos del Valle,,Rústica,False,Diocesis de Getafe,False
Madrid,Madrid,Serranillos del Valle,Serrenillos del Valle,,Rústica,False,Diocesis de Getafe,False
Madrid,Madrid,Serranillos del Valle,Serrenillos del Valle,,Rústica,False,Diocesis de Getafe,False
Madrid,Madrid,Serranillos del Valle,Serrenillos del Valle,,Rústica,False,Diocesis de Getafe,False
Madrid,Madrid,Serranillos del Valle,Serrenillos del Valle,,Rústica,False,Diocesis de Getafe,False
Madrid,Madrid,Serranillos del Valle,Serrenillos del Valle,,Rústica,False,Diocesis de Getafe,False
Madrid,Madrid,Serranillos del Valle,Serrenillos del Valle,,Rústica,False,Diocesis de Getafe,False
Madrid,Madrid,Serranillos del Valle,Serrenillos del Valle,,Rústica,False,Diocesis de Getafe,False
Madrid,Madrid,Serranillos del Valle,Serrenillos del Valle,,Rústica,False,Diocesis de Getafe,False
Madrid,Madrid,Serranillos del Valle,Serrenillos del Valle,,Vivienda,False,Parroquia de San Nicolas de Bari,True
Madrid,Madrid,Serranillos del Valle,Serrenillos del Valle,"Iglesia Parroquial de San Nicolás de Bari, y edificio anexo dedicado a Casa Rectoral y Aparcamiento",Iglesia Parroquial,True,Diocesis de Getafe,False
Madrid,Madrid,Serranillos del Valle,Serrenillos del Valle,Edificio de una planta destinado a Capilla,Capilla,True,Diocesis de Getafe,False
Madrid,Madrid,Navalcarnero Nº 01,El Alamo,Ermita,Ermita,True,Diócesis de Getafe,False
Madrid,Madrid,Navalcarnero Nº 01,El Alamo,Cementerio,Cementerio,True,Diócesis de Getafe,False
Madrid,Madrid,Navalcarnero Nº 01,Aldea del Fresno,Iglesia,Iglesia,True,Diócesis de Getafe,False
Madrid,Madrid,Navalcarnero,Navalcarnero,Ermita,Ermita,True,Diócesis de Getafe,False
Madrid,Madrid,Navalcarnero,Navalcarnero,Edificio religioso,Edificio religioso,True,Diócesis de Getafe,False
Madrid,Madrid,Navalcarnero,Navalcarnero,Iglesia,Iglesia,True,Diócesis de Getafe,False
Madrid,Madrid,Navalcarnero,Navalcarnero,Ermita,Ermita,True,Diócesis de Getafe,False
Madrid,Madrid,Navalcarnero,Navalcarnero,Cementerio,Cementerio,True,Diócesis de Getafe,False
Madrid,Madrid,Navalcarnero,Navalcarnero,Local comercial,Local comercial,False,Diócesis de Getafe,False
Madrid,Madrid,Navalcarnero,Villamanta,Iglesia,Iglesia,True,Diócesis de Getafe,False
Madrid,Madrid,Navalcarnero,Villamanta,Ermita,Ermita,True,Diócesis de Getafe,False
Madrid,Madrid,Navalcarnero,Villamantilla,Iglesia,Iglesia,True,Diócesis de Getafe,False
Madrid,Madrid,Navalcarnero,Villamantilla,Ermita,Ermita,True,Diócesis de Getafe,False
Madrid,Madrid,Brunete,Brunete,Cementerio Catolico,Cementerio,True,Diócesis de Getafe,True
Madrid,Madrid,Brunete,Brunete,Vivienda,Vivienda,False,Diócesis de Getafe,False
Madrid,Madrid,Brunete,Brunete,Finca Urbana con Edificio Destinado a Dependencias Parroquiales,Dependencias parroquiales,True,Diócesis de Getafe,False
Madrid,Madrid,Brunete,Brunete,Iglesia Parroquial Nuestra Señora de la Asuncion,Iglesia,True,Diócesis de Getafe,False
Madrid,Madrid,Brunete,Brunete,Ermita de San Sebastian,Ermita,True,Diócesis de Getafe,False
Madrid,Madrid,Brunete,Brunete,,Otros urbana,False,Diócesis de Getafe,False
Madrid,Madrid,Chapineria,Chapineria,Iglesia Parroquial Concepcion de Nuestra Señora,Iglesia,True,Diócesis de Getafe,False
Madrid,Madrid,Quijorna,Quijorna,,Rústica,False,Diócesis de Getafe,False
Madrid,Madrid,Quijorna,Quijorna,Iglesia Parroquial San Juan Evangelista,Iglesia,True,Diócesis de Getafe,False
Madrid,Madrid,Quijorna,Quijorna,,Rústica,False,Diócesis de Getafe,False
Madrid,Madrid,Sevilla La Nueva,Sevilla La Nueva,Iglesia Santiago Apostol,Iglesia,True,Diócesis de Getafe,False
Madrid,Madrid,Sevilla La Nueva,Sevilla La Nueva,Cementerio Parroquial,Cementerio,True,Diócesis de Getafe,True
Madrid,Madrid,Villanueva de la Canada,Villanueva de la Canada,Cementario de San Sebastian con Oratorio y Osario,Cementerio,True,Diócesis de Getafe,True
Madrid,Madrid,Villanueva de la Canada,Villanueva de la Canada,Iglesia Parroquial Santiago Apostol y Vivienda,Iglesia y vivienda,True,Diócesis de Getafe,False
Madrid,Madrid,Villanueva de la Canada,Villanueva de la Canada,Iglesia Parroquial Inmaculada Concepcion,Iglesia,True,Diócesis de Getafe,False
Madrid,Madrid,Parla,Parla,Iglesia Parroquial,Iglesia,True,Diocesis de Getafe,False
Madrid,Madrid,Parla,Parla,"Finca Urbana en C/ Calvario, 13",Urbana,False,Diocesis de Getafe,False
Madrid,Madrid,Parla,Torrejon de la Calzada,Iglesia Parroquial,Iglesia,True,Diocesis de Getafe,False
Madrid,Madrid,Parla Nº 02,Torrejon de Velasco,Iglesia de San Esteban,Iglesia de San Esteban de Protomartir,True,Diócesis de Getafe,False
Madrid,Madrid,Pinto Nº 01,San Martin de la Vega,IGLESIA PARROQUIAL bajo la advocación de la Natividad de Nuestra Señora,Iglesia,True,Diócesis de Getafe,False
Madrid,Madrid,Pinto,Pinto,finca rústica de explotación agraria llamada Sacalapaja,Rústica,False,Congregación de la Misión de San Vicente de Paúl - PP. Paules,False
Madrid,Madrid,Pinto,Pinto,Cedido sin construir un terreno para construcción de templo,Equipamiento social,False,Ayuntamiento de Pinto,True
Madrid,Madrid,Pinto,Pinto,Esta finca no es un bien de la Iglesia sino de un particular,Vivienda,False,Francisco Javier Romero Valentín,True
Madrid,Madrid,Pinto,Pinto,Iglesia Parroquial de Santo Domingo de Silos,Iglesia,True,Diócesis de Getafe,False
Madrid,Madrid,Pinto,Pinto,"Ermita de San Antón, en Pinto",Ermita,True,Diócesis de Getafe,True
Madrid,Madrid,Pozuelo de Alarcon Nº 01,Pozuelo de Alarcon,Iglesia de Nuestra Señora de la Asunción,Iglesia,True,Arzobispado de Madrid,False
Madrid,Madrid,Pozuelo de Alarcon Nº 02,Pozuelo de Alarcon,Parroquia de Santa María Magdalena de Húmera,Iglesia,True,Arzobispado de Madrid,False
Madrid,Madrid,Rivas-Vaciamadrid,Rivas Vaciamadrid,Piso,Piso,False,Diócesis de Alcalá de Henares,True
Madrid,Madrid,Mejorada del Campo,Mejorada del Campo,Casa,Casa,False,Iglesia de Mejorada,False
Madrid,Madrid,Mejorada del Campo,Mejorada del Campo,Ermita desconocida,Ermita,True,Iglesia de Mejorada,False
Madrid,Madrid,Mejorada del Campo,Mejorada del Campo,Cementerio desconocido,Cementerio,True,Iglesia de Mejorada,False
Madrid,Madrid,Mejorada del Campo,Mejorada del Campo,Parroquia de la Natividad de Nuestra Señora,Templo,True,Parroquia de la Natividad de Nuestra Señora,False
Madrid,Madrid,Mejorada del Campo,Mejorada del Campo,Salón del antiguo cine parroquial y patios de servicio-Parroquia de la Natividad de Nuestra Señora,Salón antiguo cine parroquia,False,Parroquia de la Natividad de Nuestra Señora,False
Madrid,Madrid,Mejorada del Campo,Mejorada del Campo,Iglesia Parroquial Nuestra Señora del Rosario,Iglesia,True,Diócesis de Alcalá de Henares,True
Madrid,Madrid,Mejorada del Campo,Rivas Vaciamadrid,Casa parroquial,Casa parroquial,True,Diócesis de Alcalá de Henares,True
Madrid,Madrid,Mejorada del Campo,Rivas Vaciamadrid,Parroquia de San Marcos,Iglesia,True,Parroquia de San Marcos,False
Madrid,Madrid,Mejorada del Campo,Rivas Vaciamadrid,Complejo parroquial desconocido,Complejo parroquial,True,Diócesis de Alcalá de Henares,True
Madrid,Madrid,Mejorada del Campo,Velilla de San Antonio,Solar,Solar,False,Parroquia de Velilla de San Antonio,False
Madrid,Madrid,Mejorada del Campo,Velilla de San Antonio,Parroquia de San Sebastián Mártir,Templo,True,Parroquia de San Sebastián Mártir,False
Madrid,Madrid,Pedrezuela,Pedrezuela,"Parcela al paraje ""La Lagunilla",Parcela rústica,False,Prudencio  Esparza Otano y Mª Purificación Oneca Ayape,True
Madrid,Madrid,Pedrezuela,Pedrezuela,"Terreno dedicado a agrario, prados o praderas, en el paraje ""MATARRUBIAS”. Polígono 7, Parcela 521",Terreno rústico,False,Arzobispado de Madrid,False
Madrid,Madrid,Pedrezuela,Pedrezuela,"Terreno dedicado a agrario, pastos,en el paraje “PRADO REDONDO”. Polígono 4, Parcela 116",Terreno rústico,False,Arzobispado de Madrid,False
Madrid,Madrid,Pedrezuela,Pedrezuela,"Terreno dedicado a agrario, pastos, sito en el paraje “LINAREJOS”. Polígono 4, parcela 875",Terreno rústico,False,Arzobispado de Madrid,False
Madrid,Madrid,Pedrezuela,Pedrezuela,"Terreno dedicado a agrario, pastos, en el paraje “LA FUENTE DEL MESTO”. Polígono 4, Parcela 902",Terreno rústico,False,Arzobispado de Madrid,False
Madrid,Madrid,Pedrezuela,Pedrezuela,"Terreno dedicado a agrario, pastos, en el paraje “PRADO CERRADO”. Polígono 3, parcela 816",Terreno rústico,False,Arzobispado de Madrid,False
Madrid,Madrid,Pedrezuela,Pedrezuela,"Terreno dedicado a agrario, pastos, en el paraje “CERRILLO”. Polígono 3, parcela 456",Terreno rústico,False,Arzobispado de Madrid,False
Madrid,Madrid,Pedrezuela,Pedrezuela,"Terreno dedicado a agrario, pastos, en el paraje “LAGUNILLA”,. Polígono 1, parcela 453",Terreno rústico,False,Arzobispado de Madrid,False
Madrid,Madrid,Pedrezuela,Pedrezuela,"Terreno dedicado a agrario, pastos, en el paraje “LA ANGOSTURA”. Polígono 4, parcela 718",Terreno rústico,False,Arzobispado de Madrid,False
Madrid,Madrid,Pedrezuela,Pedrezuela,"Parcela en Pº de la Ermita, 53",Parcela urbana,False,Arzobispado de Madrid,False
Madrid,Madrid,Pedrezuela,Pedrezuela,Iglesia Parroquial de San Miguel Arcangel,Iglesia,True,Parroquia de San Miguel Arcángel de Pedrezuela,False
Madrid,Madrid,Cercedilla,Cercedilla,Iglesia Parroquial de San Sebastián,Iglesia,True,Arzobispado de Madrid,False
Madrid,Madrid,Cercedilla,Cercedilla,Ermita de Santa María,Ermita,True,Arzobispado de Madrid,False
Madrid,Madrid,Cercedilla,Cercedilla,Ermita Ntra.Sra.de las Mercedes,Ermita,True,Arzobispado de Madrid,False
Madrid,Madrid,Cercedilla,Cercedilla,Ermita Ntra.Sra.del Carmen,Ermita,True,Arzobispado de Madrid,False
Madrid,Madrid,Cercedilla,Collado Mediano,Iglesia Parroquial San Ildefonso,Iglesia,True,Arzobispado de Madrid,False
Madrid,Madrid,Cercedilla,Colmenarejo,,Iglesia,True,Arzobispado de Madrid,False
Madrid,Madrid,Cercedilla,Colmenarejo,Iglesia Parroquial Santiago Apóstol,Iglesia,True,Arzobispado de Madrid,False
Madrid,Madrid,Cercedilla,El Escorial,Iglesia Parroquial San Matías de Peralejo,Iglesia,True,Arzobispado de Madrid,False
Madrid,Madrid,San Lorenzo de El Escorial Nº 03,Fresnedillas,"Plaza de la Iglesia,  1-A",Parcela adyacente a Iglesia,False,Arzobispado de Madrid,False
Madrid,Madrid,San Lorenzo de El Escorial Nº 03,Zarzalejo,"Iglesia Parroquial Plaza Llano del Soldado,  6",Iglesia Parroquial,True,Arzobispado de Madrid,False
Madrid,Madrid,San Lorenzo de El Escorial Nº 03,Fresnedillas,"Iglesia Parroquial Plaza de la Iglesia,  1",Iglesia parroquial,True,Arzobispado de Madrid,False
Madrid,Madrid,San Lorenzo de El Escorial Nº 03,Valdemaqueda,"Ermita en C/ de la Virgen,  2",Ermita,True,Arzobispado de Madrid,False
Madrid,Madrid,San Lorenzo de El Escorial Nº 03,Valdemorillo,"Iglesia en Plaza de la Iglesia,  1",Iglesia Parroquial,True,Arzobispado de Madrid,False
Madrid,Madrid,San Lorenzo de El Escorial Nº 03,Santa Maria de la Alameda,"Iglesia Parroquial Plaza de la Constitución,  4",Iglesia Parroquial,True,Arzobispado de Madrid,False
Madrid,Madrid,San Lorenzo de El Escorial Nº 03,Robledo de Chavela,"Iglesia en Bº de la Estación,  43",Iglesia Parroquial,True,Arzobispado de Madrid,False
Madrid,Madrid,San Lorenzo de El Escorial Nº 03,Valdemaqueda,"Iglesia Parroquial Avenida de la Iglesia,  24",Iglesia Parroquial,True,Arzobispado de Madrid,False
Madrid,Madrid,San Lorenzo de El Escorial Nº 03,Zarzalejo,"Iglesia Parroquial Avenida de la Cruz Verde,  48",Iglesia Parroquial,True,Arzobispado de Madrid,False
Madrid,Madrid,San Lorenzo de El Escorial Nº 03,Navalagamella,"Iglesia Parroquial Carretera de Valdemorillo,  3",Iglesia Parroquial,True,Arzobispado de Madrid,False
Madrid,Madrid,San Lorenzo de El Escorial Nº 03,Santa Maria de la Alameda,"Iglesia Parroquial Plaza de San Ramón Nonnato,  2",Iglesia Parroquial,True,Arzobispado de Madrid,False
Madrid,Madrid,San Martin de Valdeiglesias,Cenicientos,Solar,"Solar, Cruz del Calvario",False,Parroquia de Cenicientos,True
Madrid,Madrid,San Martin de Valdeiglesias,San Martin de Valdeiglesias,Ermita,Ermita,True,Diócesis de Getafe,True
Madrid,Madrid,San Martin de Valdeiglesias,San Martin de Valdeiglesias,Finca Rustica,Rustica,False,Diócesis de Getafe,True
Madrid,Madrid,San Martin de Valdeiglesias,Pelayos de la Presa,Iglesia Parroquial,Iglesia y casa parroquial,True,Diócesis de Getafe,True
Madrid,Madrid,San Martin de Valdeiglesias,Rozas de Puerto Real,Iglesia Parroquial,Iglesia parroquial,True,Diócesis de Getafe,True
Madrid,Madrid,San Martin de Valdeiglesias,San Martin de Valdeiglesias,Ermita,Capilla,True,Parroquia de San Martin de Valdeiglesias,True
Madrid,Madrid,San Martin de Valdeiglesias,San Martin de Valdeiglesias,Casa Rectoral,Casa rectoral,True,Parroquia de San Martin de Valdeiglesias,True
Madrid,Madrid,San Martin de Valdeiglesias,San Martin de Valdeiglesias,Iglesia Parroquial,Iglesia parroquial,True,Parroquia de San Martin de Valdeiglesias,True
Madrid,Madrid,San Martin de Valdeiglesias,Cenicientos,Finca Rustica,Rustica,False,Diócesis de Getafe,True
Madrid,Madrid,San Martin de Valdeiglesias,Cadalso de los Vidrios,Iglesia Parroquial,Iglesia parroquial,True,Diócesis de Getafe,True
Madrid,Madrid,San Martin de Valdeiglesias,Navas del Rey,Iglesia Parroquial,Iglesia parroquial,True,Diócesis de Getafe,True
Madrid,Madrid,El Molar,El Molar,,Solar,False,Arzobispado de Madrid,False
Madrid,Madrid,El Molar,El Molar,,Ermita,True,Arzobispado de Madrid,False
Madrid,Madrid,San Sebastian de los Reyes,San Sebastian de los Reyes,,Parcela,False,Arzobispado de Madrid,False
Madrid,Madrid,San Sebastian de los Reyes,San Sebastian de los Reyes,,Casa parroquial,True,Arzobispado de Madrid,False
Madrid,Madrid,San Sebastian de los Reyes,San Sebastian de los Reyes,,Templo,True,Arzobispado de Madrid,False
Madrid,Madrid,San Sebastian de los Reyes,San Sebastian de los Reyes,,Templo,True,Obispado de Alcalá de Henares,False
Madrid,Madrid,Valdepielagos,Valdepielagos,,Templo y jardin,False,Obispado de Alcalá de Henares,False
Madrid,Madrid,Valdepielagos,Valdepielagos,,Casa sacerdotal,True,Obispado de Alcalá de Henares,False
Madrid,Madrid,Valdepielagos,Valdepielagos,,Solar,False,Obispado de Alcalá de Henares,False
Madrid,Madrid,Valdepielagos,Valdepielagos,,Rustica,False,Obispado de Alcalá de Henares,False
Madrid,Madrid,Valdepielagos,Valdepielagos,,Ermita,True,Obispado de Alcalá de Henares,False
Madrid,Madrid,Torrejon de Ardoz Nº 01,Torrejon de Ardoz,Templo Parroquial de Nuestra Señora del Rosario,Templo,True,Diócesis de Alcalá de Henares,False
Madrid,Madrid,Torrelaguna,,,Solar,False,Ayuntamiento de Acebeda,False
Madrid,Madrid,Alameda,Alameda,,Casa de Curato,True,Arzobispado de Madrid,False
Madrid,Madrid,Alameda,Alameda,,Iglesia parroquial,True,Arzobispado de Madrid,False
Madrid,Madrid,Alameda,Alameda,,Ermita,True,Arzobispado de Madrid,False
Madrid,Madrid,Alameda,Alameda,,Rústica,False,Arzobispado de Madrid,False
Madrid,Madrid,Alameda,Alameda,,"Iglesia parroquial, Casa parroquial, Despacho parroquial, Centro Social: Cine, bar y salon parroquial",True,Arzobispado de Madrid,False
Madrid,Madrid,Garganta de los Montes,Garganta de los Montes,,Rústica,False,Arzobispado de Madrid,False
Madrid,Madrid,Garganta de los Montes,Garganta de los Montes,,Centro de Salud,False,Comunidad de Madrid,False
Madrid,Madrid,Garganta de los Montes,Garganta de los Montes,,Viario público,False,Ayuntamiento de Garganta,False
Madrid,Madrid,Garganta de los Montes,Garganta de los Montes,,Local,False,Ayuntamiento de Garganta,False
Madrid,Madrid,Garganta de los Montes,Garganta de los Montes,,Local,False,Ayuntamiento de Garganta,False
Madrid,Madrid,Garganta de los Montes,Garganta de los Montes,,Local,False,Ayuntamiento de Garganta,False
Madrid,Madrid,Garganta de los Montes,Garganta de los Montes,,Vivienda,False,Ayuntamiento de Garganta,False
Madrid,Madrid,Garganta de los Montes,Garganta de los Montes,,Vivienda,False,Ayuntamiento de Garganta,False
Madrid,Madrid,Garganta de los Montes,Garganta de los Montes,,Vivienda,False,Ayuntamiento de Garganta,False
Madrid,Madrid,Navarredonda,Navarredonda,,Iglesia parroquial,True,Arzobispado de Madrid,False
Madrid,Madrid,Navarredonda,Navarredonda,,Urbana uso religioso,True,Arzobispado de Madrid,False
Madrid,Madrid,Navarredonda,Robregordo,,Edificio consistorial,True,Ayuntamiento de Robregordo,False
Madrid,Madrid,Navarredonda,Villavieja,,Rústica,False,Arzobispado de Madrid,False
Madrid,Madrid,Torrelodones,Torrelodones,"Iglesia Parroquial bajo la advocación de ""Asunción de Nuestra Señora"" y la casa del Cura adosada al templo.",Iglesia y Casa del Cura,True,Arzobispado de Madrid,True
Madrid,Madrid,Torrelodones,Torrelodones,Iglesia-Ermita de Nuestra Señora del Carmen de la Parroquia de San Ignacio de Loyola,Parroquia,True,Arzobispado de Madrid,True
Madrid,Madrid,Valdemoro,Valdemoro,Iglesia Parroquial Nuestra Señora de la Asunción,Iglesia,True,Diócesis de Getafe,False
Madrid,Madrid,Villaviciosa de Odon,Villaviciosa de Odon,Iglesia Parroquial,Iglesia,True,Diócesis de Getafe,False
