Comunidad Autónoma,Provincia,REGISTRO,Municipio,Título,Tipo,Templo y dependencias complementarias,Titular,Título distinto de certificación eclesiástica
Canarias-Tenerife,Canarias-Tenerife,Adeje,Adeje,Iglesia de Santa Ursula Mártir,Iglesia,True,Obispado de Tenerife,False
Canarias-Tenerife,Canarias-Tenerife,Arona,"Arona, Playa las Americas",Trozo de terreno en El Centro o Las Madrigueras,Terreno,False,Obispado de Tenerife,True
Canarias-Tenerife,Canarias-Tenerife,Arona,"Arona, Valle San Lorenzo",Iglesia de San Lorenzo,Terreno,False,Obispado de Tenerife,False
Canarias-Tenerife,Canarias-Tenerife,Arona,Arona,Iglesia de San Antonio Abad,Terreno,False,Obispado de Tenerife,False
Canarias-Tenerife,Canarias-Tenerife,Arona,"Arona, Buzanada",Parcela de Terrreno,Terreno,False,Obispado de Tenerife,False
Canarias-Tenerife,Canarias-Tenerife,Arona,"Arona, Los Cristianos",Garaje,Sotano-garaje,False,Parroquia de Nuestra Señora del Carmen de Arona,True
Canarias-Tenerife,Canarias-Tenerife,Arona,"Arona, El Fraile","Edificio, Locales y Vivienda",Terreno,False,Parroquia de Santa Isabel de Portugal,True
Canarias-Tenerife,Canarias-Tenerife,Arona,"Arona, Tunez",Terreno destinado a Iglesia y Plaza,Terreno,False,Obispado de Tenerife,True
Canarias-Tenerife,Canarias-Tenerife,Arona,"Arona, Cabo Blanco",Casa Parroquial e Iglesia San Martin de Porres,Terreno,False,Parroquia de San Martin de Porres de Caboblanco,True
Canarias-Tenerife,Canarias-Tenerife,Granadilla de Abona,Vilaflor,"Parcela de terreno en C/ Gavilanes, 33",Iglesia,True,Obispado de Tenerife,True
Canarias-Tenerife,Canarias-Tenerife,Granadilla de Abona,Fasnia,Iglesia de Nuestra Señora del Carmen,Iglesia,True,Obispado de Tenerife,True
Canarias-Tenerife,Canarias-Tenerife,Granadilla de Abona,Arico,Ermita San Isidro,Ermita,True,Obispado de Tenerife,True
Canarias-Tenerife,Canarias-Tenerife,Granadilla de Abona,Arico,Ermita Señor de la Cruz,Ermita,True,Obispado de Tenerife,True
Canarias-Tenerife,Canarias-Tenerife,Granadilla de Abona,Arico,Ermita Señor de La Cruz,Ermita,True,Obispado de Tenerife,True
Canarias-Tenerife,Canarias-Tenerife,Granadilla de Abona,Arico,Ermita de San Miguel,Ermita,True,Obispado de Tenerife,True
Canarias-Tenerife,Canarias-Tenerife,Granadilla de Abona,Arico,Casa Parroquial en C/ Silvestre Marrero (Sabin) 2,Casa,False,Obispado de Tenerife,True
Canarias-Tenerife,Canarias-Tenerife,Granadilla de Abona,Arico,Ermita del Calvario,Ermita,True,Obispado de Tenerife,True
Canarias-Tenerife,Canarias-Tenerife,Granadilla de Abona,Arico,Iglesia Nuestra Señora de la Luz,Iglesia,True,Obispado de Tenerife,True
Canarias-Tenerife,Canarias-Tenerife,Granadilla de Abona,Arico,Ermita San José.,Ermita,True,Obispado de Tenerife,True
Canarias-Tenerife,Canarias-Tenerife,Granadilla de Abona,Arico,Iglesia de San Juan Bautista y plaza,Iglesia,True,Obispado de Tenerife,True
Canarias-Tenerife,Canarias-Tenerife,Granadilla de Abona,Granadilla de Abona,"Trozo de terreno en Mata, pago de San Isidro",Terreno,False,Diócesis de Tenerife,True
Canarias-Tenerife,Canarias-Tenerife,Granadilla de Abona,Granadilla de Abona,Ermita de Nuestra Señora de las Mercedes de Roja,Ermita,True,Obispado de Tenerife,True
Canarias-Tenerife,Canarias-Tenerife,Granadilla de Abona,Granadilla de Abona,Iglesia Nuestra Señora del Carmen,Iglesia,True,Obispado de Tenerife,True
Canarias-Tenerife,Canarias-Tenerife,Granadilla de Abona,Granadilla de Abona,Ermita de Santa Ana,Ermita,True,Obispado de Tenerife,True
Canarias-Tenerife,Canarias-Tenerife,Granadilla de Abona,Granadilla de Abona,"Parcela de terreno de uso residencial en Avda Mencey 51, en Charco del Pino",Terreno,False,Obispado de Tenerife,True
Canarias-Tenerife,Canarias-Tenerife,Granadilla de Abona,Granadilla de Abona,"Parcela de terreno de uso residencial en C/ Chiñama, 5, Charco del Pino",Terreno,False,Obispado de Tenerife,True
Canarias-Tenerife,Canarias-Tenerife,Granadilla de Abona,Granadilla de Abona,Iglesia de San Antonio de Padua y plaza,Iglesia,True,Obispado de Tenerife,False
Canarias-Tenerife,Canarias-Tenerife,Guia de Isora,Guia de Isora,"Solar donde dicen Fonsalia, en Playa de San Juan",Zona de area libre,False,Obispado de Tenerife,True
Canarias-Tenerife,Canarias-Tenerife,Guia de Isora,Guia de Isora,"Trozo de terreno, en el sitio que llaman La Azotea hoy C/ Los Chorros, s/n",Trozo de terreno,False,Parroquía de Nuestra señora de la Luz,True
Canarias-Tenerife,Canarias-Tenerife,Guia de Isora,Guia de Isora,"Parcela nº 1 de la Manzana 12, de la Urb. Piedra Hincada","Parcela 1, manzana 12, Piedra Hincada.",False,Obispado de Tenerife,True
Canarias-Tenerife,Canarias-Tenerife,Guia de Isora,Guia de Isora,"Parcela nº 2 de la Manzana 12, de la Urb. Piedra Hincada","Parcela nº 2, manzana 12, Piedra Hincada",False,Obispado de Tenerife,True
Canarias-Tenerife,Canarias-Tenerife,Guia de Isora,Guia de Isora,Iglesia Nuestra Señora de la Luz,Iglesia Nuestra Señora de La Luz,True,Obispado de Tenerife,False
Canarias-Tenerife,Canarias-Tenerife,Guia de Isora,Guia de Isora,Iglesia de San Juan Bautista,Iglesia San Juan Bautista,True,Obispado de Tenerife,False
Canarias-Tenerife,Canarias-Tenerife,Guia de Isora,Guia de Isora,Iglesia de Nuestra Señora del Rosario y plaza,Iglesia de Nuestra Señora del Rosario y Plaza,True,Obispado de Tenerife,False
Canarias-Tenerife,Canarias-Tenerife,Guimar,Guimar,Iglesia Nuestra del Socorro,Iglesia,True,Obispado de Tenerife,False
Canarias-Tenerife,Canarias-Tenerife,Guimar,Guimar,"Casa parroquial de San Pedro. C/ Imeldo Serís, 1",Casa parroquial,True,Obispado de Tenerife,False
Canarias-Tenerife,Canarias-Tenerife,Guimar,Guimar,Calvario de San Juan,Terreno,False,Obispado de Tenerife,False
Canarias-Tenerife,Canarias-Tenerife,Guimar,Guimar,Iglesia de San José,Iglesia,True,Obispado de Tenerife,False
Canarias-Tenerife,Canarias-Tenerife,Guimar,Guimar,"Plaza San Pedro, 10",Terreno,False,Obispado de Tenerife,False
Canarias-Tenerife,Canarias-Tenerife,Guimar,Guimar,Ermita antigua de San Juan,Ermita,True,Obispado de Tenerife,False
Canarias-Tenerife,Canarias-Tenerife,Guimar,Guimar,Capilla nueva de San Pedro de Abajo,Capilla,True,Obispado de Tenerife,False
Canarias-Tenerife,Canarias-Tenerife,Guimar,Guimar,Capilla de San Pedro de Arriba,Capilla,True,Obispado de Tenerife,False
Canarias-Tenerife,Canarias-Tenerife,Guimar,Guimar,Iglesia de Santo Domingo,Iglesia,True,Obispado de Tenerife,False
Canarias-Tenerife,Canarias-Tenerife,Guimar,Guimar,Capilla vieja de San Pedro de Abajo,Capilla,True,Obispado de Tenerife,False
Canarias-Tenerife,Canarias-Tenerife,Guimar,Guimar,Ermita antigua Nra. Señora de la Peña,Ermita,True,Obispado de Tenerife,False
Canarias-Tenerife,Canarias-Tenerife,Guimar,Guimar,Emita de Nuestra Señora de la Peña,Ermita,True,Obispado de Tenerife,False
Canarias-Tenerife,Canarias-Tenerife,Icod de los Vinos,Buenavista,Iglesia Nuestra Señora de los Remedios,Iglesia,True,Obispado de Tenerife,False
Canarias-Tenerife,Canarias-Tenerife,Icod de los Vinos,La Guancha,Iglesia del Dulce Nombre de Jesús,Iglesia,True,Obispado de Tenerife,False
Canarias-Tenerife,Canarias-Tenerife,Icod de los Vinos,La Guancha,Iglesia de Santo Domingo de Guzmán,Iglesia,True,Obispado de Tenerife,False
Canarias-Tenerife,Canarias-Tenerife,Icod de los Vinos,Garachico,Iglesia de San Pedro Apóstol en el barrio de San Pedro de Daute,Iglesia,True,Obispado de Tenerife,False
Canarias-Tenerife,Canarias-Tenerife,Icod de los Vinos,Garachico,"Iglesia de San Juan Bautista y Plaza en la Carretera de Icod de los Vinos  a Guía de Isora, 33",Iglesia,True,Obispado de Tenerife,False
Canarias-Tenerife,Canarias-Tenerife,Icod de los Vinos,Garachico,Iglesia de Nuestra Señora de Candelaria,Iglesia,True,Obispado de Tenerife,False
Canarias-Tenerife,Canarias-Tenerife,Icod de los Vinos,Garachico,Ermita de Nuestra Señora de Los Reyes de San Pedro de Daute,Ermita,True,Obispado de Tenerife,False
Canarias-Tenerife,Canarias-Tenerife,Icod de los Vinos,Garachico,Iglesia del Sagrado Corazón de Jesús de El Guincho,Iglesia,True,Obispado de Tenerife,False
Canarias-Tenerife,Canarias-Tenerife,Icod de los Vinos,Garachico,Iglesia de Nuestra Señora de Los Ángeles,Iglesia,True,Obispado de Tenerife,False
Canarias-Tenerife,Canarias-Tenerife,Icod de los Vinos,Icod de los Vinos,Iglesia de Nuestra Señora del Buen Paso,Iglesia,True,Obispado de Tenerife,False
Canarias-Tenerife,Canarias-Tenerife,Icod de los Vinos,Icod de los Vinos,Iglesia de San Marcos,Iglesia,True,Obispado de Tenerife,False
Canarias-Tenerife,Canarias-Tenerife,Icod de los Vinos,Icod de los Vinos,Iglesia del Santísimo Cristo del Calvario,Iglesia,True,Obispado de Tenerife,False
Canarias-Tenerife,Canarias-Tenerife,Icod de los Vinos,Icod de los Vinos,Ermita de San Juan Bautista,Ermita,True,Obispado de Tenerife,False
Canarias-Tenerife,Canarias-Tenerife,Icod de los Vinos,Icod de los Vinos,Iglesia de San Agustín,Iglesia,True,Obispado de Tenerife,False
Canarias-Tenerife,Canarias-Tenerife,Icod de los Vinos,Icod de los Vinos,Ermita de San Bernabé,Ermita,True,Obispado de Tenerife,False
Canarias-Tenerife,Canarias-Tenerife,Icod de los Vinos,Icod de los Vinos,Iglesia de Nuestra Señora del Rosario,Iglesia,True,Obispado de Tenerife,False
Canarias-Tenerife,Canarias-Tenerife,Icod de los Vinos,Icod de los Vinos,Iglesia de Nuestra Señora del Amparo,Iglesia,True,Obispado de Tenerife,False
Canarias-Tenerife,Canarias-Tenerife,Icod de los Vinos,Icod de los Vinos,Iglesia de Santo Domingo,Iglesia,True,Obispado de Tenerife,False
Canarias-Tenerife,Canarias-Tenerife,Icod de los Vinos,Santiago del Teide,Iglesia de San Fernando,Iglesia,True,Obispado de Tenerife,False
Canarias-Tenerife,Canarias-Tenerife,Icod de los Vinos,Los Silos,Iglesia de Nuestra Señora de La Luz,Iglesia,True,Obispado de Tenerife,False
Canarias-Tenerife,Canarias-Tenerife,Icod de los Vinos,El Tanque,Iglesia del Santísimo Cristo del Calvario,Iglesia,True,Obispado de Tenerife,False
Canarias-Tenerife,Canarias-Tenerife,Icod de los Vinos,El Tanque,Iglesia de San José,Iglesia,True,Obispado de Tenerife,False
Canarias-Tenerife,Canarias-Tenerife,Icod de los Vinos,El Tanque,Iglesia de San Antonio de Padua,Iglesia,True,Obispado de Tenerife,False
Canarias-Tenerife,Canarias-Tenerife,Icod de los Vinos,El Tanque,Iglesia de la Sagrada Familia,Iglesia,True,Obispado de Tenerife,False
Canarias-Tenerife,Canarias-Tenerife,Icod de los Vinos,El Tanque,Casa parroquial de la Iglesia de San Antonio de Padua,Casa parroquial,True,Obispado de Tenerife,False
Canarias-Tenerife,Canarias-Tenerife,Icod de los Vinos,La Orotava,Iglesia de Nuestra Señora del Rosario,Iglesia,True,Obispado de Tenerife,False
Canarias-Tenerife,Canarias-Tenerife,Icod de los Vinos,La Orotava,Iglesia de Santo Domingo de Guzmán,Iglesia,True,Obispado de Tenerife,False
Canarias-Tenerife,Canarias-Tenerife,Icod de los Vinos,San Juan de la Rambla,"Solar en el Bº de San José,  C/ El Santo, 1",Solar,False,Parroquia de San José,True
Canarias-Tenerife,Canarias-Tenerife,Icod de los Vinos,San Juan de la Rambla,Iglesia de San Juan Bautista,Iglesia,True,Obispado de Tenerife,False
Canarias-Tenerife,Canarias-Tenerife,Icod de los Vinos,San Juan de la Rambla,Iglesia de San José,Iglesia,True,Obispado de Tenerife,False
Canarias-Tenerife,Canarias-Tenerife,Icod de los Vinos,Los Realejos,Iglesia de Santiago Apóstol,Iglesia,True,Obispado de Tenerife,False
Canarias-Tenerife,Canarias-Tenerife,Icod de los Vinos,Los Realejos,Capilla de la Cruz,Capilla,True,Obispado de Tenerife,False
Canarias-Tenerife,Canarias-Tenerife,Icod de los Vinos,Los Realejos,Iglesia de Nuestra Señora de los Dolores,Iglesia,True,Obispado de Tenerife,False
Canarias-Tenerife,Canarias-Tenerife,Icod de los Vinos,Los Realejos,Capilla de la Cruz,Capilla,True,Obispado de Tenerife,False
Canarias-Tenerife,Canarias-Tenerife,Icod de los Vinos,Los Realejos,Capilla de San Martín,Capilla,True,Obispado de Tenerife,False
Canarias-Tenerife,Canarias-Tenerife,Icod de los Vinos,Los Realejos,Capilla de la Cruz,Capilla,True,Obispado de Tenerife,False
Canarias-Tenerife,Canarias-Tenerife,Icod de los Vinos,Los Realejos,Capilla de Santa Marta,Capilla,True,Obispado de Tenerife,False
Canarias-Tenerife,Canarias-Tenerife,Icod de los Vinos,Los Realejos,Iglesia de Nuestra Señora del Carmen,Iglesia,True,Obispado de Tenerife,False
Canarias-Tenerife,Canarias-Tenerife,Icod de los Vinos,Los Realejos,Iglesia de Nuestra Señora de la Concepción,Iglesia,True,Obispado de Tenerife,False
Canarias-Tenerife,Canarias-Tenerife,Icod de los Vinos,Los Realejos,Capilla del Calvario,Capilla,True,Obispado de Tenerife,False
Canarias-Tenerife,Canarias-Tenerife,Icod de los Vinos,Los Realejos,Ermita de San Benito,Ermita,True,Obispado de Tenerife,False
Canarias-Tenerife,Canarias-Tenerife,Icod de los Vinos,Los Realejos,Porción norte de urbana,Terreno,False,Parroquia de Nuestra Señora del Buen Viaje,True
Canarias-Tenerife,Canarias-Tenerife,La Orotava,Orotava,Iglesia,Iglesia,True,Obispado de Tenerife,False
Canarias-Tenerife,Canarias-Tenerife,La Orotava,Orotava,Iglesia,Iglesia,True,Obispado de Tenerife,False
Canarias-Tenerife,Canarias-Tenerife,La Orotava,Rambla,Solar,Solar,False,Parroquia de San José,True
Canarias-Tenerife,Canarias-Tenerife,La Orotava,Rambla,Iglesia,Iglesia,True,Obispado de Tenerife,False
Canarias-Tenerife,Canarias-Tenerife,La Orotava,Rambla,Iglesia,Iglesia,True,Obispado de Tenerife,False
Canarias-Tenerife,Canarias-Tenerife,La Orotava,Realejos,Iglesia,Iglesia,True,Obispado de Tenerife,False
Canarias-Tenerife,Canarias-Tenerife,La Orotava,Realejos,Capilla,Capilla,True,Obispado de Tenerife,False
Canarias-Tenerife,Canarias-Tenerife,La Orotava,Realejos,Iglesia,Iglesia,True,Obispado de Tenerife,False
Canarias-Tenerife,Canarias-Tenerife,La Orotava,Realejos,Capilla,Capilla,True,Obispado de Tenerife,False
Canarias-Tenerife,Canarias-Tenerife,La Orotava,Realejos,Capilla,Capilla,True,Obispado de Tenerife,False
Canarias-Tenerife,Canarias-Tenerife,La Orotava,Realejos,Capilla,Capilla,True,Obispado de Tenerife,False
Canarias-Tenerife,Canarias-Tenerife,La Orotava,Realejos,Capilla,Capilla,True,Obispado de Tenerife,False
Canarias-Tenerife,Canarias-Tenerife,La Orotava,Realejos,Iglesia,Iglesia,True,Obispado de Tenerife,False
Canarias-Tenerife,Canarias-Tenerife,La Orotava,Realejos,Iglesia,Iglesia,True,Obispado de Tenerife,False
Canarias-Tenerife,Canarias-Tenerife,La Orotava,Realejos,Capilla,Capilla,True,Obispado de Tenerife,False
Canarias-Tenerife,Canarias-Tenerife,La Orotava,Realejos,Ermita,Ermita,True,Obispado de Tenerife,False
Canarias-Tenerife,Canarias-Tenerife,La Orotava,Realejos,Terreno,Terreno,False,Parroquia de Nuestra Señora del Buen Viaje,True
Canarias-Tenerife,Canarias-Tenerife,El Rosario,Santa Cruz de Tenerife,Vivienda,Vivienda,False,Obispado de Tenerife,True
Canarias-Tenerife,Canarias-Tenerife,El Rosario,Santa Cruz de Tenerife,Vivienda Dúplex,Vivienda,False,Obispado de Tenerife,True
Canarias-Tenerife,Canarias-Tenerife,El Rosario,Santa Cruz de Tenerife,Vivienda,Vivienda,False,Obispado de Tenerife,True
Canarias-Tenerife,Canarias-Tenerife,El Rosario,Santa Cruz de Tenerife,Vivienda,Vivienda,False,Obispado de Tenerife,True
Canarias-Tenerife,Canarias-Tenerife,El Rosario,El Rosario,Local principal religioso,Local,False,Obispado de Tenerife,False
Canarias-Tenerife,Canarias-Tenerife,El Rosario,El Rosario,"Parcela de terreno, con construcción de uso religioso",Iglesia,True,Obispado de Tenerife,False
Canarias-Tenerife,Canarias-Tenerife,El Rosario,Santa Cruz de Tenerife,Trozo de terreno,Terreno,False,Obispado de Tenerife,True
Canarias-Tenerife,Canarias-Tenerife,El Rosario,Santa Cruz de Tenerife,Vivienda Unifamiliar,Vivienda,False,"Fundacion Canonica Maria, Madre Iglesia",True
Canarias-Tenerife,Canarias-Tenerife,El Rosario,,,Parroquia,True,Diócesis de Tenerife,True
Canarias-Tenerife,Canarias-Tenerife,San Cristobal de la Laguna Nº 02,San Cristobal de La Laguna,Iglesia de Santa Ana,Iglesia,True,Diócesis de Tenerife,False
Canarias-Tenerife,Canarias-Tenerife,San Cristobal de la Laguna Nº 02,San Cristobal de La Laguna,Complejo Parroquial de San Jerónimo,Complejo Parroquial,True,Obispado de Tenerife,True
Canarias-Tenerife,Canarias-Tenerife,San Cristobal de la Laguna Nº 02,San Cristobal de La Laguna,Complejo Parroquial de Santa María Madre de Jesús,Complejo Parroquial,True,Obispado de Tenerife,True
Canarias-Tenerife,Canarias-Tenerife,San Cristobal de la Laguna Nº 03,La Laguna,Parcela de terreno,Catedral,True,Obispado de Tenerife,False
Canarias-Tenerife,Canarias-Tenerife,San Cristobal de la Laguna Nº 03,La Laguna,Parcela de terreno,Terreno,False,Obispado de Tenerife,False
Canarias-Tenerife,Canarias-Tenerife,San Cristobal de la Laguna Nº 03,La Laguna,Inmueble,Urbana,False,Obispado de Tenerife,False
Canarias-Tenerife,Canarias-Tenerife,San Cristobal de la Laguna Nº 03,La Laguna,Parcela de terreno,Parcela,False,Obispado de Tenerife,False
Canarias-Tenerife,Canarias-Tenerife,San Cristobal de la Laguna Nº 03,La Laguna,Parcela de terreno,Terreno,False,Obispado de Tenerife,False
Canarias-Tenerife,Canarias-Tenerife,San Cristobal de la Laguna Nº 03,La Laguna,Inmueble,Urbana,False,Obispado de Tenerife,False
Canarias-Tenerife,Canarias-Tenerife,San Cristobal de la Laguna Nº 03,La Laguna,Edificación,Ermita,True,Obispado de Tenerife,False
Canarias-Tenerife,Canarias-Tenerife,San Cristobal de la Laguna Nº 03,La Laguna,Parcela de terreno,Terreno,False,Obispado de Tenerife,False
Canarias-Tenerife,Canarias-Tenerife,San Cristobal de la Laguna Nº 03,La Laguna,Parcela,Parcela,False,Obispado de Tenerife,False
Canarias-Tenerife,Canarias-Tenerife,San Cristobal de la Laguna Nº 03,La Laguna,Ermita y anexos,Ermita,True,Obispado de Tenerife,False
Canarias-Tenerife,Canarias-Tenerife,San Cristobal de la Laguna Nº 03,La Laguna,Edificación,Iglesia,True,Obispado de Tenerife,False
Canarias-Tenerife,Canarias-Tenerife,San Cristobal de la Laguna Nº 03,La Laguna,Parcela,Terreno,False,Obispado de Tenerife,False
Canarias-Tenerife,Canarias-Tenerife,San Cristobal de la Laguna Nº 03,La Laguna,Parcela,Parcela,False,Obispado de Tenerife,False
Canarias-Tenerife,Canarias-Tenerife,San Cristobal de la Laguna Nº 03,La Laguna,Vivienda unifamiliar,Vivienda,False,Obispado de Tenerife,False
Canarias-Tenerife,Canarias-Tenerife,San Cristobal de la Laguna Nº 03,La Laguna,Ermita,Ermita,True,Obispado de Tenerife,False
Canarias-Tenerife,Canarias-Tenerife,San Cristobal de la Laguna Nº 03,La Laguna,Parcela,Parcela,False,Obispado de Tenerife,False
Canarias-Tenerife,Canarias-Tenerife,San Cristobal de la Laguna Nº 03,La Laguna,Parcela,Parcela,False,Obispado de Tenerife,False
Canarias-Tenerife,Canarias-Tenerife,San Cristobal de la Laguna Nº 03,La Laguna,Edificación,Urbana,False,Obispado de Tenerife,False
Canarias-Tenerife,Canarias-Tenerife,San Cristobal de la Laguna Nº 03,La Laguna,Edificación,Vivienda,False,Obispado de Tenerife,False
Canarias-Tenerife,Canarias-Tenerife,San Cristobal de la Laguna Nº 03,La Laguna,Parcela,Parcela,False,Obispado de Tenerife,False
Canarias-Tenerife,Canarias-Tenerife,San Cristobal de la Laguna Nº 03,La Laguna,Templo parroquial,Parroquia,True,Obispado de Tenerife,False
Canarias-Tenerife,Canarias-Tenerife,San Cristobal de la Laguna Nº 03,La Laguna,Casa Parroquial,Casa parroquial,True,Obispado de Tenerife,False
Canarias-Tenerife,Canarias-Tenerife,San Cristobal de la Laguna Nº 03,,Ermita,Ermita,True,Obispado de Tenerife,False
Canarias-Tenerife,Canarias-Tenerife,San Cristobal de la Laguna Nº 03,,Calvario,Calvario,True,Obispado de Tenerife,True
Canarias-Tenerife,Canarias-Tenerife,San Cristobal de la Laguna Nº 03,,Iglesia,Iglesia,True,Obispado de Tenerife,False
Canarias-Tenerife,Canarias-Tenerife,San Sebastian de la Gomera y Merc.,Agulo,Iglesia San Marcos,Iglesia,True,Obispado de Tenerife,False
Canarias-Tenerife,Canarias-Tenerife,San Sebastian de la Gomera y Merc.,Agulo,Casa Parroquial San Marcos,Casa parroquial,True,Obispado de Tenerife,False
Canarias-Tenerife,Canarias-Tenerife,San Sebastian de la Gomera y Merc.,Hermigua,Iglesia Santo Domingo,Iglesia,True,Obispado de Tenerife,False
Canarias-Tenerife,Canarias-Tenerife,San Sebastian de la Gomera y Merc.,Hermigua,Ermita de San Benito,Ermita,True,Obispado de Tenerife,False
Canarias-Tenerife,Canarias-Tenerife,San Sebastian de la Gomera y Merc.,Hermigua,Iglesia NuestraSeñora de la Encarnación,Iglesia,True,Obispado de Tenerife,False
Canarias-Tenerife,Canarias-Tenerife,San Sebastian de la Gomera y Merc.,esta finca no pertecene al Obispado,,Terreno,False,Obispado de Tenerife,False
Canarias-Tenerife,Canarias-Tenerife,San Sebastian de la Gomera y Merc.,San Sebastian de la Gomera,Ermita de San Sebastián,Ermita,True,Obispado de Tenerife,False
Canarias-Tenerife,Canarias-Tenerife,San Sebastian de la Gomera y Merc.,San Sebastian de la Gomera,Iglesia Nuestra Sra de la Asunción,Iglesia,True,Obispado de Tenerife,False
Canarias-Tenerife,Canarias-Tenerife,San Sebastian de la Gomera y Merc.,San Sebastian de la Gomera,Casa Parroquial de Santiago Aposotol.,Iglesia,True,Obispado de Tenerife,False
Canarias-Tenerife,Canarias-Tenerife,San Sebastian de la Gomera y Merc.,San Sebastian de la Gomera,Iglesia de Santiago Apostol,Iglesia,True,Obispado de Tenerife,False
Canarias-Tenerife,Canarias-Tenerife,San Sebastian de la Gomera y Merc.,San Sebastian de la Gomera,Iglesia de Santa María Madre de la Iglesia y Plaza,Iglesia,True,Obispado de Tenerife,False
Canarias-Tenerife,Canarias-Tenerife,San Sebastian de la Gomera y Merc.,Valle Gran Rey,Ermita de San Pedro,Ermita,True,Obispado de Tenerife,False
Canarias-Tenerife,Canarias-Tenerife,San Sebastian de la Gomera y Merc.,Valle Gran Rey,Iglesia Nuestra Señora de La Milagrosa,Iglesia,True,Obispado de Tenerife,False
Canarias-Tenerife,Canarias-Tenerife,San Sebastian de la Gomera y Merc.,Valle Gran Rey,Iglesia de los Santos Reyes y Plaza,Iglesia,True,Obispado de Tenerife,False
Canarias-Tenerife,Canarias-Tenerife,San Sebastian de la Gomera y Merc.,Valle Gran Rey,Iglesia de Nuestra Señora de La Salud,Iglesia,True,Obispado de Tenerife,False
Canarias-Tenerife,Canarias-Tenerife,San Sebastian de la Gomera y Merc.,Vallehermoso,Ermita Y Plaza,Ermita,True,Obispado de Tenerife,False
Canarias-Tenerife,Canarias-Tenerife,San Sebastian de la Gomera y Merc.,Vallehermoso,Ermita de Santa Lucía,Ermita,True,Obispado de Tenerife,False
Canarias-Tenerife,Canarias-Tenerife,San Sebastian de la Gomera y Merc.,Vallehermoso,Ermita y Plaza Nuestra Señora del Carmen,Ermita,True,Obispado de Tenerife,False
Canarias-Tenerife,Canarias-Tenerife,San Sebastian de la Gomera y Merc.,Vallehermoso,Iglesia de San Bartolomé y Plaza,Iglesia,True,Obispado de Tenerife,False
Canarias-Tenerife,Canarias-Tenerife,San Sebastian de la Gomera y Merc.,Vallehermoso,Iglesia Nuestra Señora de La Candelaria y Plaza,Iglesia,True,Obispado de Tenerife,False
Canarias-Tenerife,Canarias-Tenerife,San Sebastian de la Gomera y Merc.,Vallehermoso,Iglesia de San Juan,Iglesia,True,Obispado de Tenerife,False
Canarias-Tenerife,Canarias-Tenerife,Santa Cruz de la Palma,Barlovento,Terreno y construcción,Local,False,Obispado de Tenerife,False
Canarias-Tenerife,Canarias-Tenerife,Santa Cruz de la Palma,Barlovento,Terreno y Casa Parroquial,Residencial,False,Obispado de Tenerife,False
Canarias-Tenerife,Canarias-Tenerife,Santa Cruz de la Palma,Brena Alta,Local Comercial,Comercio,False,Obispado de Tenerife,False
Canarias-Tenerife,Canarias-Tenerife,Santa Cruz de la Palma,Brena Alta,Iglesia San Pedro,Iglesia,True,Obispado de Tenerife,False
Canarias-Tenerife,Canarias-Tenerife,Santa Cruz de la Palma,Brena Alta,Terreno y Ermita de La Concepción,Terreno + Iglesia,True,Obispado de Tenerife,False
Canarias-Tenerife,Canarias-Tenerife,Santa Cruz de la Palma,Brena Alta,Iglesia de San Isidro,Iglesia,True,Obispado de Tenerife,False
Canarias-Tenerife,Canarias-Tenerife,Santa Cruz de la Palma,Brena Baja,Iglesia de San Antonio,Solar + Iglesia,True,Obispado de Tenerife,False
Canarias-Tenerife,Canarias-Tenerife,Santa Cruz de la Palma,Brena Baja,Ermita de Nuestra Señora de Fatima,Terreno + Iglesia,True,Obispado de Tenerife,False
Canarias-Tenerife,Canarias-Tenerife,Santa Cruz de la Palma,Brena Baja,Terreno y la Iglesia de San Jose,Terreno + Iglesia,True,Obispado de Tenerife,False
Canarias-Tenerife,Canarias-Tenerife,Santa Cruz de la Palma,Fuencaliente,Terreno,Solar,False,Parroquia Católica San Antonio Abad,True
Canarias-Tenerife,Canarias-Tenerife,Santa Cruz de la Palma,Fuencaliente,Terreno y la Iglesia de Maria Madre,Terreno + Iglesia,True,Obispado de Tenerife,False
Canarias-Tenerife,Canarias-Tenerife,Santa Cruz de la Palma,Fuencaliente,Ermita de Santa Cecilia,Iglesia,True,Obispado de Tenerife,False
Canarias-Tenerife,Canarias-Tenerife,Santa Cruz de la Palma,Los Llanos de Aridane,Ermita de Nuestra Señora del Carmen,Ermita,True,Obispado de Tenerife,False
Canarias-Tenerife,Canarias-Tenerife,Santa Cruz de la Palma,Los Llanos de Aridane,Iglesia de San Isidro,Iglesia,True,Obispado de Tenerife,False
Canarias-Tenerife,Canarias-Tenerife,Santa Cruz de la Palma,Los Llanos de Aridane,Terreno y construcción en Todoque,Iglesia,True,Obispado de Tenerife,False
Canarias-Tenerife,Canarias-Tenerife,El Paso,El Paso,Terreno,Solar,False,Parroquia de San Nicolás de Bari,True
Canarias-Tenerife,Canarias-Tenerife,El Paso,El Paso,Terreno y monumento,Monumento,False,Diócesis de Tenerife,False
Canarias-Tenerife,Canarias-Tenerife,El Paso,El Paso,Terreno y la iglesia de San Nicolas de Bari,Solar + Iglesia,True,Obispado de Tenerife,False
Canarias-Tenerife,Canarias-Tenerife,El Paso,El Paso,Terreno y la iglesia de Nuestra Señora de Bonanza,Solar + Plaza,False,Obispado de Tenerife,False
Canarias-Tenerife,Canarias-Tenerife,El Paso,El Paso,Terreno y Casa Parroquial,Casa parroquial,True,Obispado de Tenerife,False
Canarias-Tenerife,Canarias-Tenerife,El Paso,El Paso,Ermita de San Martin de Porres,Ermita,True,Obispado de Tenerife,False
Canarias-Tenerife,Canarias-Tenerife,El Paso,El Paso,Terreno y la iglesia del Sagrado Corazon,Solar + Iglesia,True,Obispado de Tenerife,False
Canarias-Tenerife,Canarias-Tenerife,El Paso,El Paso,Ermita de Nuestra Señora del Pino,Ermita,True,Obispado de Tenerife,False
Canarias-Tenerife,Canarias-Tenerife,El Paso,Puntagorda,Terreno y construcción,Iglesia + Plaza,True,Obispado de Tenerife,False
Canarias-Tenerife,Canarias-Tenerife,El Paso,Puntagorda,Ermita de San Roque,Ermita,True,Obispado de Tenerife,False
Canarias-Tenerife,Canarias-Tenerife,El Paso,Puntallana,Iglesia de Santa Lucia,Iglesia,True,Obispado de Tenerife,False
Canarias-Tenerife,Canarias-Tenerife,El Paso,Puntallana,Iglesia de San Juan Bautista,Iglesia,True,Obispado de Tenerife,False
Canarias-Tenerife,Canarias-Tenerife,El Paso,Puntallana,Iglesia de San Bartolome,Iglesia,True,Obispado de Tenerife,False
Canarias-Tenerife,Canarias-Tenerife,San Andres y Sauces,San Andres y Sauces,Capilla,Capilla,True,Parroquia de Nuestra Señora de Montserrat,False
Canarias-Tenerife,Canarias-Tenerife,San Andres y Sauces,San Andres y Sauces,Capilla Nuestra Señora del Pilar,Iglesia,True,Obispado de Tenerife,False
Canarias-Tenerife,Canarias-Tenerife,San Andres y Sauces,San Andres y Sauces,Terreno y Ermita de San Sebastian,Ermita,True,Obispado de Tenerife,False
Canarias-Tenerife,Canarias-Tenerife,San Andres y Sauces,San Andres y Sauces,Terreno y la iglesia de San Juan Bautista,Iglesia,True,Obispado de Tenerife,False
Canarias-Tenerife,Canarias-Tenerife,San Andres y Sauces,San Andres y Sauces,Iglesa San Andres Apostol,Iglesia,True,Obispado de Tenerife,False
Canarias-Tenerife,Canarias-Tenerife,San Andres y Sauces,San Andres y Sauces,Terreno,Tierra,False,Obispado de Tenerife,False
Canarias-Tenerife,Canarias-Tenerife,San Andres y Sauces,San Andres y Sauces,Terreno,Tierra + Solar,False,Obispado de Tenerife,False
Canarias-Tenerife,Canarias-Tenerife,San Andres y Sauces,San Andres y Sauces,Capilla de la Virgen de Lourdes,Capilla + Terreno,True,Obispado de Tenerife,False
Canarias-Tenerife,Canarias-Tenerife,Santa Cruz de la Palma,Santa Cruz de La Palma,Iglesia de San Francisco,Iglesia,True,Obispado de Tenerife,False
Canarias-Tenerife,Canarias-Tenerife,Santa Cruz de la Palma,Santa Cruz de La Palma,Ermita de San Jose,Ermita,True,Obispado de Tenerife,False
Canarias-Tenerife,Canarias-Tenerife,Santa Cruz de la Palma,Santa Cruz de La Palma,Iglesia de Nuestra Señora de Candelaria,Iglesia,True,Obispado de Tenerife,False
Canarias-Tenerife,Canarias-Tenerife,Santa Cruz de la Palma,Santa Cruz de La Palma,Terreno y la iglesia de Nuestra Señora del Pino,Iglesia,True,Obispado de Tenerife,False
Canarias-Tenerife,Canarias-Tenerife,Santa Cruz de la Palma,Santa Cruz de La Palma,Iglesis del Salvador del Mundo,Iglesia,True,Obispado de Tenerife,False
Canarias-Tenerife,Canarias-Tenerife,Santa Cruz de la Palma,Santa Cruz de La Palma,Iglesia de la Luz y San Telmo,Iglesia,True,Obispado de Tenerife,False
Canarias-Tenerife,Canarias-Tenerife,Santa Cruz de la Palma,Santa Cruz de La Palma,Iglesia de San Sebastián,Iglesia,True,Obispado de Tenerife,False
Canarias-Tenerife,Canarias-Tenerife,Santa Cruz de la Palma,Santa Cruz de La Palma,Iglesia de Santo Domingo,Iglesia,True,Obispado de Tenerife,False
Canarias-Tenerife,Canarias-Tenerife,Santa Cruz de la Palma,Santa Cruz de La Palma,Iglesia de Calcinas,Iglesia,True,Obispado de Tenerife,False
Canarias-Tenerife,Canarias-Tenerife,Santa Cruz de la Palma,Tazacorte,Iglesia de San Miguel de Tazacorte,Iglesia,True,Obispado de Tenerife,False
Canarias-Tenerife,Canarias-Tenerife,Santa Cruz de la Palma,Tazacorte,Casa parroquial,Terreno + Iglesia,True,Obispado de Tenerife,False
Canarias-Tenerife,Canarias-Tenerife,Villa de Mazo,Villa de Mazo,Terreno en Montaña del Azufre,Terreno,False,Parroquia Matriz de El Salvador,False
Canarias-Tenerife,Canarias-Tenerife,Villa de Mazo,Villa de Mazo,Huerto rectoral,Solar,False,Parroquia de San Blas de la Villa,True
Canarias-Tenerife,Canarias-Tenerife,Villa de Mazo,Villa de Mazo,Terreno y la iglesia de San Blas,Terreno + Iglesia,True,Obispado de Tenerife,False
Canarias-Tenerife,Canarias-Tenerife,Villa de Mazo,Villa de Mazo,Terreno y la iglesia de Santo Domingo de Guzman,Terreno + Iglesia,True,Obispado de Tenerife,False
Canarias-Tenerife,Canarias-Tenerife,Villa de Mazo,Villa de Mazo,Terreno y la iglesia de Nuestra Señora de Los Dolores,Iglesia,True,Obispado de Tenerife,False
Canarias-Tenerife,Canarias-Tenerife,Villa de Mazo,Villa de Mazo,Ermita de Santa Rosalia,Iglesia,True,Obispado de Tenerife,False
Canarias-Tenerife,Canarias-Tenerife,Villa de Mazo,Villa de Mazo,Terreno,Terreno,False,Obispado de Tenerife,False
Canarias-Tenerife,Canarias-Tenerife,Villa de Mazo,Villa de Mazo,Terreno y la ermita de San Juan Bautista,Terreno + Iglesia,True,Obispado de Tenerife,False
Canarias-Tenerife,Canarias-Tenerife,Villa de Mazo,Villa de Mazo,Terreno,Terreno,False,Obispado de Tenerife,False
Canarias-Tenerife,Canarias-Tenerife,Santa Cruz de Tenerife Nº 1,Santa Cruz de Tenerife,Iglesia San Juan Bautista,Local,False,Obispado de Tenerife,False
Canarias-Tenerife,Canarias-Tenerife,Santa Cruz de Tenerife Nº 1,Santa Cruz de Tenerife,Iglesia de San Pedro,Iglesia,True,Obispado de Tenerife,False
Canarias-Tenerife,Canarias-Tenerife,Santa Cruz de Tenerife Nº 1,Santa Cruz de Tenerife,Iglesia San Andrés,Iglesia,True,Obispado de Tenerife,False
Canarias-Tenerife,Canarias-Tenerife,Santa Cruz de Tenerife Nº 1,Santa Cruz de Tenerife,Iglesia Virgen de las Nieves,Iglesia,True,Obispado de Tenerife,False
Canarias-Tenerife,Canarias-Tenerife,Santa Cruz de Tenerife Nº 1,Santa Cruz de Tenerife,Iglesia Nuestra Señora de Fátima,Iglesia,True,Obispado de Tenerife,False
Canarias-Tenerife,Canarias-Tenerife,Santa Cruz de Tenerife Nº 1,Santa Cruz de Tenerife,Iglesia Nuestra Señora del Pilar,Iglesia,True,Obispado de Tenerife,False
Canarias-Tenerife,Canarias-Tenerife,Santa Cruz de Tenerife Nº 1,Santa Cruz de Tenerife,"Iglesia San Francisco, Capilla de la Orden Tercera y Residencia de la Orden Franciscana",Iglesia,True,Franciscanos Frailes Menores Provincia Bética Franciscana,False
Canarias-Tenerife,Canarias-Tenerife,Santa Cruz de Tenerife Nº 03,Santa cruz de tenerife,Iglesia de Santo Domingo de Guzmán y complejo parroquial,Iglesia,True,Obispado de Tenerife,False
Canarias-Tenerife,Canarias-Tenerife,Santa Cruz de Tenerife Nº 04,Candelaria,Basílica de Nuestra Señora de Candelaria,Basílica,True,Obispado de Tenerife,False
Canarias-Tenerife,Canarias-Tenerife,Santa Cruz de Tenerife Nº 04,Candelaria,Iglesia de Santa Ana,Iglesia,True,Obispado de Tenerife,False
Canarias-Tenerife,Canarias-Tenerife,Santa Cruz de Tenerife Nº 04,Santa Cruz de Tenerife,Iglesia Nuestra Señora de la Concepción,Iglesia,True,Obispado de Tenerife,False
Canarias-Tenerife,Canarias-Tenerife,Tacoronte,El Sauzal,Terreno rústico,Terreno rústico,False,Diócesis Nivariense,True
Canarias-Tenerife,Canarias-Tenerife,Tacoronte,Tacoronte,Vivienda unifamiliar,Vivienda unifamiliar,False,Parroquia San Juan Bautista,True
Canarias-Tenerife,Canarias-Tenerife,Tacoronte,Tacoronte,Iglesia de San Juan Bautista,Iglesia,True,Obispado de Tenerife,False
Canarias-Tenerife,Canarias-Tenerife,Tacoronte,Tacoronte,Iglesia del Santísimo Cristo de los Dolores,Iglesia,True,Obispado de Tenerife,False
Canarias-Tenerife,Canarias-Tenerife,Tacoronte,Tacoronte,Iglesia de Nuestra Señora del Carmen,Iglesia,True,Obispado de Tenerife,False
Canarias-Tenerife,Canarias-Tenerife,Tacoronte,Tacoronte,Casa rectoral del Santuario del Stmo. Cristo,Casa rectoral,True,Obispado de Tenerife,False
Canarias-Tenerife,Canarias-Tenerife,Tacoronte,La Victoria,Solar,Solar,False,Parroquia San Juan Bautista La Victoria,True
Canarias-Tenerife,Canarias-Tenerife,Valverde y Registro Mercantil de Valverde,Valverde,Ermita de Santiago Apostol,Ermita,True,Obispado de Tenerife,False
Canarias-Tenerife,Canarias-Tenerife,Valverde y Registro Mercantil de Valverde,Frontera,Iglesia de Nuestra Señora de la Consolación,Iglesia,True,Obispado de Tenerife,False
Canarias-Tenerife,Canarias-Tenerife,Valverde y Registro Mercantil de Valverde,Valverde,Ermita de la Sagrada Familia,Ermita,True,Obispado de Tenerife,False
Canarias-Tenerife,Canarias-Tenerife,Valverde y Registro Mercantil de Valverde,Valverde,Iglesia de San José,Iglesia,True,Obispado de Tenerife,False
Canarias-Tenerife,Canarias-Tenerife,Valverde y Registro Mercantil de Valverde,Frontera,Ermita en Crrtra. General Las Puntas,Ermita,True,Parroquia de Nuestra Señora de la Candelaria,True
Canarias-Tenerife,Canarias-Tenerife,Valverde y Registro Mercantil de Valverde,Frontera,Solar en los Llanillos,Solar,False,Obispado de Tenerife,False
Canarias-Tenerife,Canarias-Tenerife,Valverde y Registro Mercantil de Valverde,Frontera,Iglesia de Nuestra Señora de la Candelaria,Iglesia,True,Obispado de Tenerife,False
Canarias-Tenerife,Canarias-Tenerife,Valverde y Registro Mercantil de Valverde,Valverde,Iglesia de San Andrés,Iglesia,True,Obispado de Tenerife,False
Canarias-Tenerife,Canarias-Tenerife,Valverde y Registro Mercantil de Valverde,Valverde,Casa parroquial,Casa parroquial,True,Parroquia de Nuestra Señora de la Concepción de Valverde,False
Canarias-Tenerife,Canarias-Tenerife,Valverde y Registro Mercantil de Valverde,Valverde,Trozo de terreno con vivienda en su interior en Carretera General de El Mocanal,Trozo de terreno con vivienda en su interior,False,"Parroquia de San Pedro Apóstol, El Mocanal",True
Canarias-Tenerife,Canarias-Tenerife,Valverde y Registro Mercantil de Valverde,Valverde,Emirta en Pozo las Calcosas,Ermita,True,"Parroquia de San Pedro Apóstol, El Mocanal",False
Canarias-Tenerife,Canarias-Tenerife,Valverde y Registro Mercantil de Valverde,Valverde,Ermita de San Telmo,Ermita,True,Obispado de Tenerife,False
Canarias-Tenerife,Canarias-Tenerife,Valverde y Registro Mercantil de Valverde,El Pinar,Casa parroquial de San Antonio,Casa parroquial,True,Obispado de Tenerife,False
Canarias-Tenerife,Canarias-Tenerife,Valverde y Registro Mercantil de Valverde,Valverde,Iglesia de San Pedro,Iglesia,True,Obispado de Tenerife,False
Canarias-Tenerife,Canarias-Tenerife,Valverde y Registro Mercantil de Valverde,El Pinar,Ermita del Santisimo Cristo,Ermita,True,Obispado de Tenerife,False
Canarias-Tenerife,Canarias-Tenerife,Valverde y Registro Mercantil de Valverde,El Pinar,Iglesia de San Juan Bautista,Iglesia,True,Obispado de Tenerife,False
Canarias-Tenerife,Canarias-Tenerife,Valverde y Registro Mercantil de Valverde,El Pinar,Iglesia de San Antonio Abad,Iglesia,True,Obispado de Tenerife,False
Canarias-Tenerife,Canarias-Tenerife,Valverde y Registro Mercantil de Valverde,Valverde,Solar en C/ Los Barriales 16G,Solar,False,Obispado de Tenerife,False
Canarias-Tenerife,Canarias-Tenerife,Valverde y Registro Mercantil de Valverde,Valverde,Ermita de Nuestra Señora de Candelaria en ECHEDO,Solar con edificación,True,Obispado de Tenerife,False
